cluster_id,n_grants,names,orcids,institutions,for_names,grant_ids,confirmed_different_people,notes
DP0209245_johannes_lambers,27,Johannes (Hans) Lambers; Johannes Lambers,0000-0002-4118-2272,The University of Queensland; The University of Western Australia,Biochemistry and cell biology; Crop and pasture production; Ecology; Environmental engineering; Environmental management; Forestry Sciences; Plant biology,DP230101190_johannes_lambers; DP220100494_johannes_lambers; LP200100341_johannes_lambers; DP200101013_johannes_lambers; DP0343824_johannes_lambers; LP0347692_johannes_lambers; DP0343824_johannes_lambers; LP0347692_johannes_lambers; LP0211478_johannes_lambers; DP0209245_johannes_lambers; LP0211478_johannes_lambers; DP0209245_johannes_lambers; LP0776252_johannes_lambers; LP0774881_johannes_lambers; LP0774881_johannes_lambers; LP0776252_johannes_lambers; LP0669757_johannes_lambers; LP0669757_johannes_lambers; LP160100598_johannes_lambers; DP140100148_johannes_lambers; DP130100005_johannes_lambers; LP120200808_johannes_lambers; LP120200464_johannes_lambers; DP110101120_johannes_lambers; DP110101120_johannes_lambers; DP0985685_johannes_lambers; DP0985685_johannes_lambers,,
DP0209186_geoff_stevens,19,Geoff Stevens,0000-0002-5788-4682,The University of Melbourne; La Trobe University,Biochemistry and cell biology; Chemical engineering; Industrial biotechnology; Nanotechnology; Organic chemistry; Physical chemistry,LP0347302_geoff_stevens; LP0348954_geoff_stevens; DP0209186_geoff_stevens; DP0209690_geoff_stevens; LP0776373_geoff_stevens; LP0775073_geoff_stevens; DP0772689_geoff_stevens; LP0669452_geoff_stevens; LP0453483_geoff_stevens; DP160103949_geoff_stevens; LP160101417_geoff_stevens; LP160100182_geoff_stevens; LP160101317_geoff_stevens; LP140100650_geoff_stevens; LP130100305_geoff_stevens; DP120103073_geoff_stevens; LP110200415_geoff_stevens; LP0989575_geoff_stevens; DP0986384_geoff_stevens,,
DP0663953_killugudi_swaminatha-iyer,16,Killugudi Swaminatha-Iyer,,The University of Western Australia; Curtin University; The University of New South Wales,Biochemistry and Cell Biology; Biochemistry and cell biology; Biomedical engineering; Evolutionary biology; Macromolecular and Materials Chemistry; Materials engineering; Nanotechnology; Physical chemistry; Zoology,LP240100507_killugudi_swaminatha-iyer; LP220100185_killugudi_swaminatha-iyer; DP220103135_killugudi_swaminatha-iyer; DP220100553_killugudi_swaminatha-iyer; LP190100433_killugudi_swaminatha-iyer; DP190100831_killugudi_swaminatha-iyer; DP0663953_killugudi_swaminatha-iyer; DP180103573_killugudi_swaminatha-iyer; DP150104433_killugudi_swaminatha-iyer; LP140100762_killugudi_swaminatha-iyer; FT130101688_killugudi_swaminatha-iyer; LP120200660_killugudi_swaminatha-iyer; DP120103560_killugudi_swaminatha-iyer; LP100100812_killugudi_swaminatha-iyer; DP0988351_killugudi_swaminatha-iyer; LP0883914_killugudi_swaminatha-iyer,,
DP0558181_benjamin_newell,16,Benjamin Newell,0000-0003-1898-205X,The University of Sydney; The University of New South Wales,Applied and developmental psychology; Applied economics; Cognitive and Computational Psychology; Cognitive and computational psychology,DP240102605_benjamin_newell; DP220101592_benjamin_newell; LP190100732_benjamin_newell; DP0877510_benjamin_newell; DP0770292_benjamin_newell; DP0558181_benjamin_newell; DP190101076_benjamin_newell; DP190101675_benjamin_newell; DP160101186_benjamin_newell; LP150100608_benjamin_newell; DP140101145_benjamin_newell; FT110100151_benjamin_newell; LP120100224_benjamin_newell; DP120100266_benjamin_newell; LP110100489_benjamin_newell; DP110100797_benjamin_newell,,
DP0208490_joachim_rubinstein,14,Joachim Rubinstein,0000-0002-5712-0113,The University of Sydney; The University of Melbourne,Applied mathematics; Numerical and computational mathematics; Pure mathematics,DP0344091_joachim_rubinstein; DP0208490_joachim_rubinstein; LP0882627_joachim_rubinstein; DP0772708_joachim_rubinstein; DP0664276_joachim_rubinstein; LP0453632_joachim_rubinstein; DP190102259_joachim_rubinstein; DP190102363_joachim_rubinstein; DP160104502_joachim_rubinstein; LP140100124_joachim_rubinstein; DP140103163_joachim_rubinstein; DP130103694_joachim_rubinstein; DP1095760_joachim_rubinstein; LP100200112_joachim_rubinstein,,
DP0342641_jun_wang,13,Jun Wang,0000-0003-1699-3687,Curtin University; The University of New South Wales; Western Sydney University,Civil engineering; Manufacturing engineering,DP210101645_jun_wang; DP190100559_jun_wang; DP0342641_jun_wang; DP0878285_jun_wang; LP0667735_jun_wang; DP0663479_jun_wang; DP0451081_jun_wang; DP180103689_jun_wang; LP180100222_jun_wang; DP170100643_jun_wang; DP110103150_jun_wang; DP110100690_jun_wang; LP0989304_jun_wang,,
DP0344167_jodie_bradby,13,Jodie Bradby,0000-0002-9560-8400,The Australian National University; Deakin University,"Condensed Matter Physics; Condensed matter physics; Electrical engineering; Electronics, sensors and digital hardware; Materials engineering; Nanotechnology",DP240101678_jodie_bradby; DP230100231_jodie_bradby; DP0344167_jodie_bradby; DP0880255_jodie_bradby; LP0777007_jodie_bradby; LP0455318_jodie_bradby; DP190101438_jodie_bradby; LP160100981_jodie_bradby; DP140102331_jodie_bradby; FT130101355_jodie_bradby; LP120200509_jodie_bradby; DP0986428_jodie_bradby; LP0990012_jodie_bradby,,
DP0451043_susan_o'connor,12,Susan O'Connor,0000-0001-9381-078X,The Australian National University; The University of Western Australia,Archaeology; Genetics,DP240100747_susan_o'connor; DP250104228_susan_o'connor; DP210101960_susan_o'connor; DP0878735_susan_o'connor; DP0878543_susan_o'connor; LP0776789_susan_o'connor; DP0556210_susan_o'connor; DP0451043_susan_o'connor; FL120100156_susan_o'connor; DP110101357_susan_o'connor; LP100200415_susan_o'connor; LP0882985_susan_o'connor,,
DP0208234_kiyonori_suzuki,11,Kiyonori Suzuki,0000-0002-8659-6786,The University of New South Wales; Monash University,Chemical engineering; Materials engineering,LP210301332_kiyonori_suzuki; LP190100294_kiyonori_suzuki; DP0208234_kiyonori_suzuki; DP0770531_kiyonori_suzuki; DP0452954_kiyonori_suzuki; DP180101023_kiyonori_suzuki; LP150101085_kiyonori_suzuki; DP140103041_kiyonori_suzuki; LP120100137_kiyonori_suzuki; LP100200465_kiyonori_suzuki; DP0987632_kiyonori_suzuki,,
DP0453236_philip_howlett,11,Philip Howlett,,University of South Australia; The University of Adelaide,Applied mathematics; Numerical and computational mathematics; Statistics,LP210100290_philip_howlett; DP0774504_philip_howlett; DP0877707_philip_howlett; LP0562427_philip_howlett; DP0559399_philip_howlett; DP0453236_philip_howlett; DP160101236_philip_howlett; LP150100749_philip_howlett; DP1096551_philip_howlett; LP110100136_philip_howlett; LP110100222_philip_howlett,,
DP0663854_gregory_hearn,11,Gregory Hearn,0009-0008-7920-3594,Queensland University of Technology; The University of Melbourne,Communication and media studies; Information systems; Policy and administration; Screen and digital media,LP0349078_gregory_hearn; LP0219438_gregory_hearn; LP0882274_gregory_hearn; LP0776341_gregory_hearn; DP0663854_gregory_hearn; LP0669617_gregory_hearn; LP0454996_gregory_hearn; LP0453652_gregory_hearn; LP160101724_gregory_hearn; LP100100232_gregory_hearn; LP0991136_gregory_hearn,,
DE140100679_ying_zhang,10,Ying Zhang,0000-0002-2674-1638,University of Technology Sydney; The University of Queensland; The University of New South Wales,Data Management and Data Science; Information systems,DP240101322_ying_zhang; DP230101445_ying_zhang; LP210301046_ying_zhang; DP210101393_ying_zhang; FT170100128_ying_zhang; DP180103096_ying_zhang; DP170103710_ying_zhang; DE140100679_ying_zhang; DP130103245_ying_zhang; DP110104880_ying_zhang,,
DP0346279_adam_micolich,10,Adam Micolich,0000-0003-2855-3582,The University of Queensland; The University of New South Wales,Condensed matter physics; Mathematical physics; Medical and Biological Physics; Nanotechnology,DP230102655_adam_micolich; DP210102085_adam_micolich; DP0346279_adam_micolich; DP0877208_adam_micolich; DP0772946_adam_micolich; DP0559215_adam_micolich; DP170102552_adam_micolich; DP170104024_adam_micolich; DP110103802_adam_micolich; FT0990285_adam_micolich,,
DP0343994_terence_o'neill,10,Terence O'Neill,0000-0001-6485-6965,The Australian National University; Bond University; The University of Queensland,"Banking, finance and investment; Demography; Information systems; Statistics",DP0343994_terence_o'neill; LP0776784_terence_o'neill; DP0770081_terence_o'neill; LP0562008_terence_o'neill; DP0451810_terence_o'neill; DP150102339_terence_o'neill; DP110101953_terence_o'neill; DP1092801_terence_o'neill; LP0989811_terence_o'neill; LP0883801_terence_o'neill,,
DP170102557_andrejs_atrens,10,Andrejs Atrens,0000-0003-0671-4082,The University of Sydney; The University of Queensland; RMIT University,Materials Engineering; Materials engineering; Resources engineering and extractive metallurgy,DP230101228_andrejs_atrens; LP210200225_andrejs_atrens; DP200101408_andrejs_atrens; LP0453646_andrejs_atrens; LP0453543_andrejs_atrens; LP160101313_andrejs_atrens; DP170102557_andrejs_atrens; LP130100913_andrejs_atrens; LP110200800_andrejs_atrens; LP0990522_andrejs_atrens,,
DP0208743_keith_nugent,10,Keith Nugent,0000-0002-4281-3478,The University of Melbourne; Swinburne University of Technology; The University of Newcastle,"Atomic, molecular and optical physics; Medical and biological physics; Nuclear and plasma physics",DP0344220_keith_nugent; LP0348891_keith_nugent; FF0241254_keith_nugent; DP0208743_keith_nugent; LP0776950_keith_nugent; FF0668690_keith_nugent; DP170101148_keith_nugent; DP140102102_keith_nugent; DP1096025_keith_nugent; DP0986040_keith_nugent,,
DP0878136_daniel_lubman,9,Daniel Lubman,0000-0002-6747-1937,Deakin University; The University of Queensland; The University of Melbourne; La Trobe University; Monash University,Applied and developmental psychology; Applied economics; Environmental management; Health services and systems; Sociology,DP200102295_daniel_lubman; LP180100449_daniel_lubman; DP0878136_daniel_lubman; DP160101380_daniel_lubman; LP150100770_daniel_lubman; LP150100364_daniel_lubman; DP140103579_daniel_lubman; LP110200699_daniel_lubman; LP110200167_daniel_lubman,,
DP0559850_sridevan_parameswaran,9,Sridevan Parameswaran,,The University of Sydney; The University of New South Wales,"Electrical engineering; Electronics, Sensors and Digital Hardware; Electronics, sensors and digital hardware; Software engineering; Theory of computation",DP230100651_sridevan_parameswaran; DP0559880_sridevan_parameswaran; DP0559850_sridevan_parameswaran; DP190103916_sridevan_parameswaran; LP170100311_sridevan_parameswaran; DP180104188_sridevan_parameswaran; DP150103866_sridevan_parameswaran; DP120104158_sridevan_parameswaran; DP0986091_sridevan_parameswaran,,
DP0344675_carel_de sterke,9,Carel de Sterke,0000-0003-0548-4078,The Australian National University; The University of Sydney,"Atomic, Molecular and Optical Physics; Atomic, molecular and optical physics; Communications engineering; Electrical engineering; Nanotechnology",DP230102200_carel_de sterke; DP0344675_carel_de sterke; LP0211670_carel_de sterke; DP0665627_carel_de sterke; DP180102234_carel_de sterke; DP150100779_carel_de sterke; DP130101009_carel_de sterke; LP120100059_carel_de sterke; DP1093445_carel_de sterke,,
DP0211827_william_featherstone,9,William Featherstone,,The Australian National University; Curtin University; The University of Newcastle,Geomatic engineering,LP0347509_william_featherstone; DP0345583_william_featherstone; DP0211827_william_featherstone; DP0877381_william_featherstone; DP0663020_william_featherstone; LP0562129_william_featherstone; DP160104095_william_featherstone; LP140100155_william_featherstone; LP110100284_william_featherstone,,
DE230100046_hao_wang,9,Hao Wang,0000-0001-5182-7938,The University of Queensland; University of Southern Queensland; Monash University,Civil engineering; Electrical Engineering; Materials Engineering; Materials engineering; Nanotechnology; Sociology,LP240200677_hao_wang; DP230103008_hao_wang; DE230100046_hao_wang; LP200100420_hao_wang; LP200100296_hao_wang; DP0345835_hao_wang; DP190101782_hao_wang; DP160104149_hao_wang; LP130101016_hao_wang,,
DP160101585_buddhika_silva,9,Buddhika (Dilusha) Silva; Buddhika Silva,0000-0002-9326-1589,The Australian National University; The University of Western Australia,Electrical engineering; Mechanical engineering,LP160100765_buddhika_silva; LP160100764_buddhika_silva; DP160101585_buddhika_silva; LP120200764_buddhika_silva; LP130100185_buddhika_silva; LP130100185_buddhika_silva; LP120200764_buddhika_silva; LP120100097_buddhika_silva; LP120100097_buddhika_silva,,
DP0559469_rupert_grafton,9,Rupert Grafton,0000-0002-0048-9083,The Australian National University; The University of New South Wales; Monash University; The University of Adelaide,Applied economics; Economic theory; Other economics; Pure mathematics,FL190100164_rupert_grafton; DP200101191_rupert_grafton; DP0770874_rupert_grafton; LP0560924_rupert_grafton; DP0559469_rupert_grafton; LP0455151_rupert_grafton; LP0454887_rupert_grafton; DP170103223_rupert_grafton; DP120103846_rupert_grafton,,
DP1096528_andries_fourie,9,Andries Fourie,,The University of Melbourne; University of South Australia; The University of Western Australia; The University of Adelaide,Civil Engineering; Civil engineering; Environmental engineering; Physical geography and environmental geoscience; Resources engineering and extractive metallurgy; Soil sciences,DP250104314_andries_fourie; LP200200216_andries_fourie; LP0776887_andries_fourie; LP0561914_andries_fourie; LP160101561_andries_fourie; LP110100251_andries_fourie; LP100200173_andries_fourie; DP1096528_andries_fourie; LP100200584_andries_fourie,,
DP0208520_timothy_senden,9,Timothy Senden,0000-0001-6808-7219,The Australian National University; Flinders University,Condensed matter physics; Ecology; Geology; Oncology and carcinogenesis; Physical chemistry,DP0450292_timothy_senden; DP0208520_timothy_senden; LP0776890_timothy_senden; DP0772138_timothy_senden; DP160102460_timothy_senden; LP150101040_timothy_senden; DP110101936_timothy_senden; DP1092870_timothy_senden; LP0883890_timothy_senden,,
DP0209157_michael_sandiford,8,Michael Sandiford,0000-0002-9757-745X,The University of Queensland; The University of Melbourne; Monash University,Geology; Geophysics,DP200101566_michael_sandiford; DP0209157_michael_sandiford; LP0776690_michael_sandiford; DP0556133_michael_sandiford; DP0558705_michael_sandiford; DP140104056_michael_sandiford; DP110104098_michael_sandiford; DP0987765_michael_sandiford,,
DP0450073_nicholas_robins,8,Nicholas Robins,0009-0006-9976-5979,The Australian National University; The University of Melbourne,"Atomic, molecular and optical physics; Fluid mechanics and thermal engineering; Nuclear and plasma physics; Other engineering; Quantum physics",DP0450073_nicholas_robins; DP190101709_nicholas_robins; LP180100332_nicholas_robins; DP160104965_nicholas_robins; DP150100356_nicholas_robins; LP150101188_nicholas_robins; DP110100925_nicholas_robins; DP1096349_nicholas_robins,,
DP0450363_raymond_frost,8,Raymond Frost,0000-0001-6163-0178,Queensland University of Technology; The University of Queensland; Macquarie University,Chemical engineering; Civil engineering; Environmental engineering; Food sciences; Physical chemistry; Resources engineering and extractive metallurgy,DP0450363_raymond_frost; LP0219712_raymond_frost; LP0235258_raymond_frost; LP0776793_raymond_frost; LP0668224_raymond_frost; DP160102879_raymond_frost; LP140100182_raymond_frost; DP0987953_raymond_frost,,
DP110102435_timothy_windsor,8,Timothy Windsor,0000-0003-3725-2730,The Australian National University; Flinders University,Applied and Developmental Psychology; Applied and developmental psychology; Nursing; Sociology,DP240102200_timothy_windsor; LP220100220_timothy_windsor; LP170100461_timothy_windsor; DP130100428_timothy_windsor; FT100100228_timothy_windsor; DP110102435_timothy_windsor; LP0989584_timothy_windsor; LP0990974_timothy_windsor,,
DE220101277_rui_zhang,8,Rui Zhang,0000-0003-1516-9653,The University of Melbourne; The University of New South Wales,Artificial intelligence; Electrical engineering; Information systems,DE220101277_rui_zhang; DP0880250_rui_zhang; DP0880215_rui_zhang; DP180102050_rui_zhang; DP180103332_rui_zhang; DP130104587_rui_zhang; FT120100832_rui_zhang; DP130103705_rui_zhang,,
DP1094299_pavel_bedrikovetski,8,Pavel Bedrikovetski,,The University of New South Wales; Monash University; The University of Adelaide,Environmental engineering; Geochemistry; Resources engineering and extractive metallurgy,LP180100890_pavel_bedrikovetski; DP200103548_pavel_bedrikovetski; DP190103457_pavel_bedrikovetski; LP150100626_pavel_bedrikovetski; DP140102765_pavel_bedrikovetski; LP110200799_pavel_bedrikovetski; LP100100613_pavel_bedrikovetski; DP1094299_pavel_bedrikovetski,,
DP110100601_alexander_sen gupta,8,Alexander Sen Gupta,0000-0001-5226-871X,The University of Sydney; The University of New South Wales; Monash University,Atmospheric sciences; Ecology; Oceanography; Physical geography and environmental geoscience,LP240200762_alexander_sen gupta; FT220100475_alexander_sen gupta; DP200102329_alexander_sen gupta; DP180101251_alexander_sen gupta; LP140100327_alexander_sen gupta; DP150101331_alexander_sen gupta; LP130100072_alexander_sen gupta; DP110100601_alexander_sen gupta,,
DP0451535_timothy_st pierre,7,Timothy St Pierre,0009-0006-9035-1665,The University of Western Australia; Curtin University,Biomedical engineering; Inorganic chemistry; Medical and biological physics; Nanotechnology,DP0769967_timothy_st pierre; DP0559333_timothy_st pierre; DP0451535_timothy_st pierre; DP150104433_timothy_st pierre; DP120103560_timothy_st pierre; LP110100728_timothy_st pierre; DP0985848_timothy_st pierre,,
DP0345144_michael_wheatland,7,Michael Wheatland,0000-0001-5100-2354,The University of Sydney; The University of Newcastle,Astronomical Sciences; Astronomical sciences; Nuclear and plasma physics,DP230101240_michael_wheatland; DP220102201_michael_wheatland; DP0345144_michael_wheatland; DP0878083_michael_wheatland; DP0452239_michael_wheatland; DP180102408_michael_wheatland; DP160102932_michael_wheatland,,
DP0211435_gang-ding_peng,7,Gang-Ding Peng,,The University of New South Wales; Macquarie University,Architecture; Civil engineering; Communications Engineering; Electrical engineering; Environmental engineering; Information systems; Mechanical Engineering,LP230200851_gang-ding_peng; DP230100617_gang-ding_peng; LP0347804_gang-ding_peng; DP0211435_gang-ding_peng; DP0665553_gang-ding_peng; LP120100395_gang-ding_peng; LP0884100_gang-ding_peng,,
DP0453013_donald_mcelwain,7,Donald McElwain,0000-0002-7046-0251,Queensland University of Technology; The University of Queensland,Applied mathematics; Biochemistry and cell biology; Mathematical physics,LP0347112_donald_mcelwain; DP0878011_donald_mcelwain; DP0773230_donald_mcelwain; DP0453210_donald_mcelwain; DP0453013_donald_mcelwain; DP120100551_donald_mcelwain; DP110103890_donald_mcelwain,,
DP0342569_ross_griffiths,7,Ross Griffiths,0000-0002-5291-1178,The Australian National University; The University of New South Wales,Fluid mechanics and thermal engineering; Geology; Geophysics; Oceanography,DP0342569_ross_griffiths; DP0664115_ross_griffiths; DP0557126_ross_griffiths; DP140103706_ross_griffiths; DP120102744_ross_griffiths; DP1094542_ross_griffiths; DP0986244_ross_griffiths,,
DP0343094_gerard_milburn,7,Gerard Milburn,0000-0002-5404-9681,The University of Queensland; The University of New South Wales,"Atomic, molecular and optical physics; Mathematical physics; Nuclear and plasma physics; Philosophy; Quantum physics",DP250102035_gerard_milburn; FF0348393_gerard_milburn; DP0343094_gerard_milburn; FF0776191_gerard_milburn; DP150101863_gerard_milburn; DP0986932_gerard_milburn; DP0985142_gerard_milburn,,
DP0209724_jetse_kalma,7,Jetse Kalma,,The University of Melbourne; Monash University; The University of Newcastle,"Agriculture, land and farm management; Civil engineering; Environmental engineering; Physical geography and environmental geoscience",DP0209724_jetse_kalma; LP0211929_jetse_kalma; LP0211206_jetse_kalma; DP0879212_jetse_kalma; DP0557543_jetse_kalma; DP0556941_jetse_kalma; LP0455476_jetse_kalma,,
DP0210133_judith_cashmore,7,Judith Cashmore,0000-0001-8747-9541,The University of Sydney; Southern Cross University,Legal systems; Policy and administration; Social work,LP180101332_judith_cashmore; DP0210133_judith_cashmore; DP0665676_judith_cashmore; DP160103688_judith_cashmore; LP140100540_judith_cashmore; DP130104812_judith_cashmore; DP0988712_judith_cashmore,,
DP0343280_joseph_hope,7,Joseph Hope,0000-0002-5260-1380,Griffith University; The Australian National University,Nuclear and plasma physics; Quantum Physics; Quantum physics,LP240200929_joseph_hope; DP0343280_joseph_hope; DP0343910_joseph_hope; DP0556073_joseph_hope; DP190101709_joseph_hope; FT120100291_joseph_hope; DP130101613_joseph_hope,,
DE140100275_jason_culpepper,7,Jason Culpepper,0000-0002-1902-9087,The University of Melbourne; Swinburne University of Technology; RMIT University,Data Management and Data Science; Information systems; Library and information studies; Theory of computation,DP240101211_jason_culpepper; DP220101434_jason_culpepper; DP190101113_jason_culpepper; DP170102231_jason_culpepper; DE140100275_jason_culpepper; DP140101587_jason_culpepper; DP110101743_jason_culpepper,,
DP0208021_richard_terrell,7,Richard Terrell,,The Australian National University; Bond University,"Banking, finance and investment; Statistics",DP0208021_richard_terrell; DP0770081_richard_terrell; DP0558202_richard_terrell; LP0562008_richard_terrell; DP1092801_richard_terrell; LP0989811_richard_terrell; LP0883801_richard_terrell,,
DP0558522_yan_wang,7,Yan Wang,0000-0002-5344-1884,The University of Sydney; RMIT University; Macquarie University,Artificial intelligence; Data Management and Data Science; Distributed computing and systems software; Information systems; Theory of computation,DP230100676_yan_wang; DP200101441_yan_wang; DP0558522_yan_wang; DP180102378_yan_wang; DP150100149_yan_wang; LP120200231_yan_wang; DP1094799_yan_wang,,
DP0663299_elisabetta_barberio,7,Elisabetta Barberio,0000-0002-3111-0910,The Australian National University; The University of Melbourne,Nuclear and plasma physics,DP0663299_elisabetta_barberio; DP0770828_elisabetta_barberio; DP160100315_elisabetta_barberio; DP170101675_elisabetta_barberio; LP150100705_elisabetta_barberio; DP130101770_elisabetta_barberio; DP1095099_elisabetta_barberio,,
DP170101858_mahdi_disfani,7,Mahdi Disfani,0000-0002-9231-8598,The University of Melbourne; Swinburne University of Technology,Civil engineering,LP210200216_mahdi_disfani; LP210200837_mahdi_disfani; DP210103663_mahdi_disfani; DP210100433_mahdi_disfani; LP160100828_mahdi_disfani; DP170101858_mahdi_disfani; LP150100043_mahdi_disfani,,
DP110101047_karen_kheruntsyan,7,Karen Kheruntsyan,0000-0001-5813-3621,The Australian National University; The University of Queensland,Quantum Physics; Quantum physics,DP240101033_karen_kheruntsyan; DP190101515_karen_kheruntsyan; DP170101423_karen_kheruntsyan; DP140101763_karen_kheruntsyan; FT100100285_karen_kheruntsyan; DP120101390_karen_kheruntsyan; DP110101047_karen_kheruntsyan,,
DP0773175_rick_krever,7,Rick Krever,,The University of Sydney; University of Tasmania; The University of Western Australia; The University of New South Wales; Monash University,"Accounting, auditing and accountability; Commercial Law; Legal systems; Policy and administration",DP230100702_rick_krever; DP0773175_rick_krever; DP180101837_rick_krever; DP180100167_rick_krever; DP130100281_rick_krever; LP120100183_rick_krever; LP110200267_rick_krever,,
DP0877161_rod_fensham,7,Rod Fensham,0000-0003-3658-5867,University of Tasmania; The University of Queensland; Flinders University; Curtin University; James Cook University,Anthropology; Ecological applications; Environmental management; Hydrology; Other biological sciences; Physical geography and environmental geoscience,LP240200706_rod_fensham; LP210200907_rod_fensham; LP190100713_rod_fensham; DP0878177_rod_fensham; DP0877161_rod_fensham; DP140102077_rod_fensham; LP110201093_rod_fensham,,
DP0557523_geoffrey_pryde,7,Geoffrey Pryde,,Griffith University; The Australian National University; The University of Queensland,Electrical engineering; Quantum physics,DP210101651_geoffrey_pryde; DP0557523_geoffrey_pryde; DP160101911_geoffrey_pryde; DP140100648_geoffrey_pryde; FT110100378_geoffrey_pryde; LP110100482_geoffrey_pryde; DP0986503_geoffrey_pryde,,
DP0452137_jeffery_malpas,7,Jeffery Malpas,0000-0003-4378-8937,University of Tasmania; The University of Western Australia; La Trobe University; Monash University; Swinburne University of Technology,Applied ethics; Architecture; Historical studies; Philosophy; Visual arts,LP0347324_jeffery_malpas; LP0774846_jeffery_malpas; DP0770352_jeffery_malpas; DP0664001_jeffery_malpas; DP0452137_jeffery_malpas; DP170104010_jeffery_malpas; DP160103644_jeffery_malpas,,
DP0450863_michael_brunger,7,Michael Brunger,0000-0002-7743-2990,The Australian National University; Flinders University; James Cook University,Nuclear and plasma physics,DP220101480_michael_brunger; DP190100696_michael_brunger; DP0452360_michael_brunger; DP0450863_michael_brunger; DP180101655_michael_brunger; DP160102787_michael_brunger; DP140102854_michael_brunger,,
DP0450257_robin_hyndman,7,Robin Hyndman,,Queensland University of Technology; Monash University,Econometrics; Numerical and computational mathematics; Statistics,DP250100702_robin_hyndman; LP180101151_robin_hyndman; DP200101414_robin_hyndman; DP0450257_robin_hyndman; LP160101885_robin_hyndman; DP140103220_robin_hyndman; LP120200554_robin_hyndman,,
DP0346406_beniamin_goldys,7,Beniamin Goldys,,The University of Sydney; The University of New South Wales,Applied mathematics; Economic theory; Numerical and computational mathematics; Pure Mathematics; Pure mathematics; Statistics,DP240100781_beniamin_goldys; DP200101866_beniamin_goldys; DP0346406_beniamin_goldys; DP0663153_beniamin_goldys; DP0558539_beniamin_goldys; DP160101755_beniamin_goldys; DP120101886_beniamin_goldys,,
DE210100263_wei_li,7,Wei Li,,The Australian National University; The University of Sydney,Biomedical engineering; Distributed computing and systems software; Materials engineering,DE210100263_wei_li; DP200103494_wei_li; LP0776938_wei_li; DP0773726_wei_li; DP0666446_wei_li; DP0558628_wei_li; DP1095140_wei_li,,
DP0452269_jason_sharman,6,Jason Sharman,,Griffith University; The University of Sydney,Policy and administration; Political science,DP0771521_jason_sharman; DP0452269_jason_sharman; LP160100267_jason_sharman; FT120100485_jason_sharman; DP120100937_jason_sharman; DP0986608_jason_sharman,,
DP0449996_marek_bialkowski,6,Marek Bialkowski,,The University of Queensland; James Cook University,Communications engineering,DP0450118_marek_bialkowski; DP0449996_marek_bialkowski; DP0773082_marek_bialkowski; DP120101214_marek_bialkowski; DP1095746_marek_bialkowski; DP0986429_marek_bialkowski,,
DP0451092_marlon_dumas-menjivar,6,Marlon Dumas-Menjivar,0000-0002-9247-7476,Queensland University of Technology; The University of New South Wales,"Information systems; Strategy, management and organisational behaviour",DP0773012_marlon_dumas-menjivar; LP0669244_marlon_dumas-menjivar; DP0665480_marlon_dumas-menjivar; LP0562363_marlon_dumas-menjivar; LP0455394_marlon_dumas-menjivar; DP0451092_marlon_dumas-menjivar,,
DP0209921_philip_pollett,6,Philip Pollett,0000-0003-3513-1281,The University of Queensland; The University of Melbourne; The University of Adelaide,Environmental management; Statistics,DP0209921_philip_pollett; LP0882316_philip_pollett; DP150101459_philip_pollett; DP140100654_philip_pollett; DP120102398_philip_pollett; DP110101929_philip_pollett,,
DP0342513_masahiko_honda,6,Masahiko Honda,0000-0002-9545-9855,The Australian National University; The University of Melbourne,Geochemistry; Geology; Physical geography and environmental geoscience,DP0342513_masahiko_honda; DP0342689_masahiko_honda; DP0773815_masahiko_honda; DP140101976_masahiko_honda; DP130100517_masahiko_honda; DP0986235_masahiko_honda,,
DP0346027_valeri_ougrinovski,6,Valeri Ougrinovski,0000-0002-3234-6204,The Australian National University; The University of New South Wales,Applied mathematics; Electrical engineering; Mechanical engineering,DP200102945_valeri_ougrinovski; DP0346027_valeri_ougrinovski; DP140101779_valeri_ougrinovski; DP120102152_valeri_ougrinovski; DP110102322_valeri_ougrinovski; DP0987369_valeri_ougrinovski,,
DP0345680_timothy_fry,6,Timothy Fry,0000-0002-3763-5152,The University of Melbourne; Monash University; RMIT University,"Applied economics; Banking, finance and investment; Econometrics; Sociology",DP0449846_timothy_fry; LP0348635_timothy_fry; DP0345680_timothy_fry; DP0662751_timothy_fry; LP0562486_timothy_fry; DP110103808_timothy_fry,,
DP0666329_alexander_klimenko,6,Alexander Klimenko,,The University of Sydney; The University of Queensland,Chemical engineering; Fluid mechanics and thermal engineering; Mechanical engineering,DP220103352_alexander_klimenko; DP220102767_alexander_klimenko; DP0666329_alexander_klimenko; LP0560407_alexander_klimenko; LP160100512_alexander_klimenko; DP120102294_alexander_klimenko,,
DP0774282_thomas_preiss,6,Thomas Preiss,0000-0001-6273-784X,The Australian National University; The University of New South Wales,Genetics,DP210102385_thomas_preiss; DP220101352_thomas_preiss; DP0878224_thomas_preiss; DP0774282_thomas_preiss; DP180100111_thomas_preiss; DP130101928_thomas_preiss,,
DP0559547_matthew_bellgard,6,Matthew Bellgard,0000-0002-6303-9469,The University of Queensland; Murdoch University,Animal production; Artificial intelligence; Theory of computation; Veterinary sciences,LP0348441_matthew_bellgard; LP0562640_matthew_bellgard; DP0559547_matthew_bellgard; LP0561961_matthew_bellgard; LP120200836_matthew_bellgard; LP0883837_matthew_bellgard,,
DP1092870_katherine_trinajstic,6,Katherine Trinajstic,0000-0002-6519-6396,The Australian National University; Flinders University; Curtin University; Monash University,Ecology; Evolutionary Biology; Evolutionary biology; Geology,DP240102156_katherine_trinajstic; DP220100825_katherine_trinajstic; DP200103219_katherine_trinajstic; DP140104161_katherine_trinajstic; DP110101127_katherine_trinajstic; DP1092870_katherine_trinajstic,,
DP170100388_josephine_barraket,6,Josephine Barraket,0000-0001-7416-6458,University of Technology Sydney; The University of Melbourne; Swinburne University of Technology,Human geography; Policy and Administration; Policy and administration; Sociology,LP220100323_josephine_barraket; DP200101394_josephine_barraket; LP0562714_josephine_barraket; LP170100670_josephine_barraket; LP160101793_josephine_barraket; DP170100388_josephine_barraket,,
DP140101587_timoleon_sellis,6,Timoleon Sellis,0000-0002-9067-5639,Swinburne University of Technology; RMIT University,Applied economics; Information systems,DP200102611_timoleon_sellis; LP180100114_timoleon_sellis; LP170100416_timoleon_sellis; DP170102231_timoleon_sellis; DP160102114_timoleon_sellis; DP140101587_timoleon_sellis,,
LP0776248_christopher_lennard,6,Christopher Lennard,0000-0002-9164-7103,University of Technology Sydney; University of Canberra; Western Sydney University,Architecture; Criminology; Industrial biotechnology; Other biological sciences; Other chemical sciences,LP0776248_christopher_lennard; LP160100351_christopher_lennard; LP160100376_christopher_lennard; LP130101019_christopher_lennard; LP110100121_christopher_lennard; LP0883333_christopher_lennard,,
DP0987944_wei_zhang,6,Wei Zhang,0000-0002-1059-3642,University of Technology Sydney; The University of New South Wales,Communications engineering; Theory of computation,LP160101244_wei_zhang; LP160100672_wei_zhang; DP160104903_wei_zhang; DP120102030_wei_zhang; DP1094194_wei_zhang; DP0987944_wei_zhang,,
DP0878752_jie_zhang,6,Jie Zhang,0000-0003-2493-5209,The University of Queensland; Monash University,Analytical chemistry; Applied economics; Physical chemistry,DP220100316_jie_zhang; DP210100606_jie_zhang; LP0349004_jie_zhang; DP0878752_jie_zhang; DP170101535_jie_zhang; FT0990695_jie_zhang,,
DP0770588_bjorn_winther-jensen,6,Bjorn Winther-Jensen,0000-0001-6102-1639,Deakin University; Monash University,Materials engineering; Physical chemistry,DP0770588_bjorn_winther-jensen; DP130100483_bjorn_winther-jensen; DP110105461_bjorn_winther-jensen; LP100100066_bjorn_winther-jensen; DP1093563_bjorn_winther-jensen; FT0991356_bjorn_winther-jensen,,
DP0666300_frank_stagnitti,5,Frank Stagnitti,0000-0001-8228-0170,Deakin University; James Cook University,Civil engineering; Environmental engineering; Geomatic engineering; Other chemical sciences,LP0212293_frank_stagnitti; LP0212095_frank_stagnitti; LP0669819_frank_stagnitti; DP0666300_frank_stagnitti; LP0455383_frank_stagnitti,,
DP1096911_timothy_cohen,5,Timothy Cohen,0000-0002-7040-3038,The University of Queensland; University of Wollongong; The University of Adelaide,Geology; Physical Geography and Environmental Geoscience; Physical geography and environmental geoscience,DP250100172_timothy_cohen; FT180100524_timothy_cohen; LP120200093_timothy_cohen; DP110103081_timothy_cohen; DP1096911_timothy_cohen,,
DP0878530_chemmangot_nayar,5,Chemmangot Nayar,,Curtin University; The University of Adelaide,Electrical engineering; Environmental engineering,LP0348994_chemmangot_nayar; LP0348003_chemmangot_nayar; DP0878530_chemmangot_nayar; LP0668021_chemmangot_nayar; LP0455289_chemmangot_nayar,,
DP0451045_quentin_parker,5,Quentin Parker,0000-0002-2062-0173,The Australian National University; Macquarie University,Astronomical sciences; Curriculum and pedagogy,DP0772283_quentin_parker; DP0451045_quentin_parker; DP120104416_quentin_parker; DP120103751_quentin_parker; LP0989264_quentin_parker,,
DP0451907_andrzej_calka,5,Andrzej Calka,,University of Technology Sydney; University of Wollongong,Inorganic chemistry; Materials engineering,DP0451907_andrzej_calka; DP130101390_andrzej_calka; DP1093952_andrzej_calka; DP1093855_andrzej_calka; LP0883546_andrzej_calka,,
DP0211956_paul_brandner,5,Paul Brandner,0000-0002-6721-878X,University of Tasmania; The University of New South Wales,Civil engineering; Maritime engineering; Mechanical engineering,DP0211956_paul_brandner; LP0667925_paul_brandner; LP150100567_paul_brandner; DP140104043_paul_brandner; LP100100700_paul_brandner,,
DP0346487_gavin_birch,5,Gavin Birch,0000-0001-7833-9846,The University of Sydney; The University of New South Wales,Ecology; Environmental management; Other chemical sciences; Physical geography and environmental geoscience,DP0346487_gavin_birch; DP0560023_gavin_birch; LP0455486_gavin_birch; LP130100364_gavin_birch; LP0991037_gavin_birch,,
DP0450750_diego_molla aliod,5,Diego Molla Aliod; Diego Mollá Aliod,0000-0003-4973-0963,Deakin University; Macquarie University,Artificial intelligence,DP220101925_diego_molla aliod; LP0347995_diego_molla aliod; LP0347995_diego_molla aliod; DP0450750_diego_molla aliod; DP0450750_diego_molla aliod,,
DP0451565_arnold_kershaw,5,Arnold Kershaw,,The Australian National University; Monash University; James Cook University,Atmospheric sciences; Ecology; Geology; Geomatic engineering; Physical geography and environmental geoscience,LP0349336_arnold_kershaw; LP0455718_arnold_kershaw; DP0557416_arnold_kershaw; DP0451565_arnold_kershaw; DP140103591_arnold_kershaw,,
DP0450736_jillian_sweeney,5,Jillian Sweeney,,The University of Queensland; The University of Western Australia; The University of Adelaide,Commercial services; Marketing,LP0775220_jillian_sweeney; LP0455705_jillian_sweeney; DP0450736_jillian_sweeney; LP120100102_jillian_sweeney; LP110100681_jillian_sweeney,,
DP0449758_robert_gilkes,5,Robert Gilkes,0000-0002-8826-8399,The University of Melbourne; The University of Western Australia,"Agriculture, land and farm management; Ecology; Environmental management; Soil sciences",DP0449758_robert_gilkes; LP0214954_robert_gilkes; LP0669455_robert_gilkes; LP0561076_robert_gilkes; DP0985832_robert_gilkes,,
DP0343334_michael_morwood,5,Michael Morwood,0000-0003-1061-5968,University of Wollongong; The University of New England; Macquarie University,Archaeology; Geology,DP0343334_michael_morwood; DP0770234_michael_morwood; DP1093342_michael_morwood; LP0991845_michael_morwood; DP1093049_michael_morwood,,
DP0770212_susan_dockett,5,Susan Dockett,,Charles Sturt University; The University of New South Wales; Western Sydney University,Education systems; Social work; Sociology; Specialist studies in education,LP0669546_susan_dockett; DP0770212_susan_dockett; DP130104276_susan_dockett; DP120100828_susan_dockett; LP0989479_susan_dockett,,
DP120103554_simon_mcclusky,5,Simon McClusky,0000-0003-4040-925X,The Australian National University; La Trobe University,Archaeology; Geology; Geomatic engineering,DP190102382_simon_mcclusky; DP150100487_simon_mcclusky; DP130101766_simon_mcclusky; LP130100134_simon_mcclusky; DP120103554_simon_mcclusky,,
DP140100974_darmawan_sutanto,5,Darmawan Sutanto,0000-0002-2497-2766,University of Wollongong; Macquarie University,Artificial intelligence; Electrical engineering,DP200103405_darmawan_sutanto; DP140100974_darmawan_sutanto; LP130100811_darmawan_sutanto; LP100100618_darmawan_sutanto; LP0991428_darmawan_sutanto,,
DP160101379_denis_o'carroll,5,Denis O'Carroll,0000-0001-6557-226X,Griffith University; The University of New South Wales,Chemical Engineering; Civil engineering; Environmental biotechnology; Physical geography and environmental geoscience; Pollution and Contamination,DP240101865_denis_o'carroll; LP240100198_denis_o'carroll; LP170100116_denis_o'carroll; DP160101379_denis_o'carroll; FT140100837_denis_o'carroll,,
DP150104006_jonathon_olley,5,Jonathon Olley,,Griffith University; The University of Queensland,Archaeology; Ecological applications; Physical geography and environmental geoscience,LP170100789_jonathon_olley; DP150104006_jonathon_olley; LP140100419_jonathon_olley; LP120200093_jonathon_olley; LP130100748_jonathon_olley,,
DP180100089_subashchandran_sankarasubramanian,5,Subashchandran Sankarasubramanian,0000-0002-2375-3254,Griffith University; University of the Sunshine Coast,Anthropology; Archaeology; Genetics; Health services and systems,LP240200347_subashchandran_sankarasubramanian; DP180100089_subashchandran_sankarasubramanian; LP160100594_subashchandran_sankarasubramanian; LP150100583_subashchandran_sankarasubramanian; LP140100387_subashchandran_sankarasubramanian,,
DP230102963_ravendra_naidu,5,Ravendra (Ravi) Naidu; Ravendra Naidu,0000-0002-1520-2495,University of South Australia; The University of Newcastle,Chemical Engineering; Environmental engineering; Environmental management; Materials Engineering,DP230102963_ravendra_naidu; LP220100375_ravendra_naidu; LP0347301_ravendra_naidu; LP0455739_ravendra_naidu; LP0455739_ravendra_naidu,,
LP100100481_john_van leeuwen,5,John van Leeuwen,,Griffith University; University of South Australia; The University of New South Wales,Chemical engineering; Civil engineering; Environmental management; Materials engineering,LP160100217_john_van leeuwen; LP110200208_john_van leeuwen; LP110100459_john_van leeuwen; LP100100481_john_van leeuwen; LP100100616_john_van leeuwen,,
DP110101879_william_sanders,5,William Sanders,,The Australian National University; The University of New South Wales,Policy and administration; Political science; Sociology,LP0348744_william_sanders; LP0668432_william_sanders; LP130100226_william_sanders; DP110101879_william_sanders; LP100200203_william_sanders,,
DP0772517_david_o'carroll,5,David O'Carroll,0000-0002-2352-4320,The University of Adelaide; Macquarie University,Artificial intelligence; Neurosciences; Zoology,DP0880983_david_o'carroll; LP0667744_david_o'carroll; DP0772517_david_o'carroll; DP130104572_david_o'carroll; DP130104561_david_o'carroll,,
DP0558885_christopher_cocklin,5,Christopher Cocklin,0000-0002-1744-7664,Charles Sturt University; Monash University; James Cook University,Human geography; Policy and administration; Sociology,DP0877792_christopher_cocklin; LP0669145_christopher_cocklin; DP0558885_christopher_cocklin; DP120102791_christopher_cocklin; DP1092534_christopher_cocklin,,
DP0557482_joseph_monaghan,5,Joseph Monaghan,,The University of Western Australia; Monash University,Classical physics; Fluid mechanics and thermal engineering; Geology; Maritime engineering,DP0881447_joseph_monaghan; DP0557482_joseph_monaghan; DP170100275_joseph_monaghan; DP130104356_joseph_monaghan; DP1093383_joseph_monaghan,,
DP0559004_graham_schaffer,5,Graham Schaffer,0000-0001-9802-5609,The University of Queensland; The University of Melbourne; Swinburne University of Technology,Materials engineering; Sociology,LP200301355_graham_schaffer; LP180100122_graham_schaffer; DP0559004_graham_schaffer; LP0455125_graham_schaffer; DP0986042_graham_schaffer,,
DP0666176_donald_holmes,5,Donald Holmes,0000-0001-8858-5530,Monash University; RMIT University,Electrical engineering; Health services and systems,DP0666176_donald_holmes; DP180103200_donald_holmes; DP140102437_donald_holmes; LP130100888_donald_holmes; LP100200638_donald_holmes,,
DP0557973_jonathan_lawrence,5,Jonathan Lawrence,,The University of New South Wales; The University of Adelaide; Swinburne University of Technology; Macquarie University,"Astronomical Sciences; Astronomical sciences; Atomic, molecular and optical physics; Nanotechnology",DP250103698_jonathan_lawrence; DP240103231_jonathan_lawrence; LP200301594_jonathan_lawrence; DP0557973_jonathan_lawrence; LP110100270_jonathan_lawrence,,
DP0557885_rodney_tyers,5,Rodney Tyers,0000-0003-3080-0415,The Australian National University; The University of Western Australia,Applied economics; Demography,DP200102979_rodney_tyers; DP0879094_rodney_tyers; DP0557889_rodney_tyers; DP0557885_rodney_tyers; DP1094835_rodney_tyers,,
DP120100297_william_runciman,4,William Runciman,0000-0001-8489-0693,University of South Australia; The University of New South Wales; Macquarie University,"Applied and developmental psychology; Health services and systems; Sociology; Strategy, management and organisational behaviour",LP0775514_william_runciman; LP0560737_william_runciman; LP130100902_william_runciman; DP120100297_william_runciman,,
DP150103636_timothy_connallon,4,Timothy Connallon,0000-0002-1962-4951,The University of Queensland; Monash University,Evolutionary Biology; Evolutionary biology,DP240102637_timothy_connallon; FT170100328_timothy_connallon; DP180101669_timothy_connallon; DP150103636_timothy_connallon,,
DE130100068_alexander_mackay,4,Alexander Mackay,0000-0002-6396-0821,The Australian National University; University of Wollongong,Archaeology,DP230100577_alexander_mackay; FT160100139_alexander_mackay; DE130100068_alexander_mackay; DP1092445_alexander_mackay,,
DE130100614_sang_lee,4,Sang Hong Lee,0000-0001-9701-2718,University of South Australia; The University of New England,Genetics,DP190100766_sang_lee; FT160100229_sang_lee; DP160102126_sang_lee; DE130100614_sang_lee,,
DP120100620_katarina_te riele,4,Katarina Te Riele,0000-0002-8826-1701,The University of Sydney; University of Tasmania; The University of Queensland; James Cook University,Education systems; Policy and Administration; Sociology; Specialist studies in education,LP220100130_katarina_te riele; LP0454879_katarina_te riele; LP130100344_katarina_te riele; DP120100620_katarina_te riele,,
LP0348834_penelope_bundy,4,Penelope Bundy,,Griffith University; The University of Melbourne,Performing arts,LP0348834_penelope_bundy; LP0776532_penelope_bundy; LP0562431_penelope_bundy; LP100100411_penelope_bundy,,
DP220101125_ana_vila concejo,4,Ana Vila Concejo,0000-0003-4069-3094,The University of Sydney; The University of New South Wales,Environmental management; Geology; Maritime engineering,DP220101125_ana_vila concejo; LP180100732_ana_vila concejo; LP0668979_ana_vila concejo; FT100100215_ana_vila concejo,,
LP110200118_omar_hussain,4,Omar Hussain,0000-0002-5738-6560,Griffith University; Curtin University; The University of New South Wales,"Artificial Intelligence; Marketing; Strategy, management and organisational behaviour",LP230100379_omar_hussain; LP160100080_omar_hussain; LP150101058_omar_hussain; LP110200118_omar_hussain,,
DP0211650_lindsay_botten,4,Lindsay Botten,0000-0001-6471-6954,University of Technology Sydney; The University of Sydney,"Atomic, molecular and optical physics; Communications engineering",DP0211650_lindsay_botten; LP0211670_lindsay_botten; DP110105484_lindsay_botten; DP0987571_lindsay_botten,,
DP0451650_nandan_parameswaran,4,Nandan Parameswaran,,The University of New South Wales; The University of Newcastle,"Information systems; Library and information studies; Strategy, management and organisational behaviour",LP0347156_nandan_parameswaran; DP0770719_nandan_parameswaran; LP0562703_nandan_parameswaran; DP0451650_nandan_parameswaran,,
DP150102354_jose_torero cullen,4,Jose Torero Cullen,,The University of Sydney; The University of Queensland; The University of Melbourne,Architecture; Civil engineering; Environmental engineering,LP160100893_jose_torero cullen; DP150102354_jose_torero cullen; LP140100504_jose_torero cullen; LP130100941_jose_torero cullen,,
DP0986025_tara_hamilton,4,Tara Hamilton,0000-0003-2630-7011,The University of New South Wales; Western Sydney University,Electrical engineering; Performing arts,LP180100697_tara_hamilton; DP180100504_tara_hamilton; LP100200275_tara_hamilton; DP0986025_tara_hamilton,,
DP110100091_moe_wynn,4,Moe Wynn,0000-0002-7205-8821,Queensland University of Technology; The University of Melbourne,Applied mathematics; Information systems,LP180100542_moe_wynn; DP150103356_moe_wynn; DP120101624_moe_wynn; DP110100091_moe_wynn,,
DP1095053_bradley_pillans,4,Bradley Pillans,0000-0002-8373-635X,The Australian National University; University of Wollongong,Physical geography and environmental geoscience,DP200101591_bradley_pillans; LP140100911_bradley_pillans; LP120200626_bradley_pillans; DP1095053_bradley_pillans,,
DP0770388_malgorzata_o'reilly,4,Malgorzata O'Reilly,0000-0003-3898-3957,University of Tasmania; The University of Melbourne; The University of Adelaide,Statistics,DP0770388_malgorzata_o'reilly; DP180100352_malgorzata_o'reilly; LP140100152_malgorzata_o'reilly; DP110101663_malgorzata_o'reilly,,
DP0770426_bram_slagmolen,4,Bram Slagmolen,0000-0002-2471-3828,The Australian National University; The University of Adelaide,"Astronomical sciences; Electronics, Sensors and Digital Hardware; Medical and biological physics",DP250104537_bram_slagmolen; DP0770426_bram_slagmolen; DP150103359_bram_slagmolen; FT130100329_bram_slagmolen,,
DP0879812_jennifer_chalmers,4,Jennifer Chalmers,0000-0002-7637-6368,The University of Melbourne; The University of New South Wales; Australian Catholic University; The University of New England,Criminology; Policy and administration; Sociology,DP0879812_jennifer_chalmers; LP0669071_jennifer_chalmers; DP150100864_jennifer_chalmers; LP110100263_jennifer_chalmers,,
DP0880637_cecily_freemantle,4,Cecily Freemantle,,The University of Melbourne; The University of Western Australia; Monash University; The University of Adelaide,Health services and systems; Legal systems; Sociology,DP0880637_cecily_freemantle; LP0882394_cecily_freemantle; LP0455417_cecily_freemantle; LP120100160_cecily_freemantle,,
DP0559870_giuseppe_tiralongo,4,Giuseppe (Joe) Tiralongo; Giuseppe Tiralongo,0000-0002-3529-6310,Griffith University; The University of Queensland,Biochemistry and cell biology; Biomedical engineering; Medical biochemistry and metabolomics,DP0559870_giuseppe_tiralongo; DP0559870_giuseppe_tiralongo; DP190101969_giuseppe_tiralongo; LP150100137_giuseppe_tiralongo,,
DP0663123_nam_mai-duy,4,Nam Mai-Duy,0000-0003-3191-7850,The University of Sydney; University of Southern Queensland,Chemical engineering; Fluid mechanics and thermal engineering; Materials engineering,DP0663123_nam_mai-duy; DP0666004_nam_mai-duy; DP1095583_nam_mai-duy; FT0990768_nam_mai-duy,,
DP0342998_wolf_pinczewski,4,Wolf Pinczewski,,The Australian National University; Curtin University; The University of New South Wales,Geophysics; Resources engineering and extractive metallurgy,DP0342998_wolf_pinczewski; DP0878564_wolf_pinczewski; DP0881775_wolf_pinczewski; DP0556868_wolf_pinczewski,,
DP0343994_frederick_foster,4,Frederick Foster,,University of Technology Sydney; The Australian National University; The University of Sydney; The University of New South Wales,"Applied economics; Banking, finance and investment; Information systems",DP0343994_frederick_foster; LP0882468_frederick_foster; DP180104120_frederick_foster; DP170102804_frederick_foster,,
DP0345899_leslie_foster,4,Leslie Foster,0000-0001-5728-4479,University of South Australia; The University of New South Wales,Biomedical engineering; Chemical engineering; Macromolecular and materials chemistry,DP0345899_leslie_foster; LP0212098_leslie_foster; DP0772153_leslie_foster; DP0452860_leslie_foster,,
DP0345299_jeremy_woolley,4,Jeremy Woolley,,University of South Australia; The University of New South Wales,Applied and developmental psychology; Civil engineering; Environmental engineering,LP0347911_jeremy_woolley; DP0345299_jeremy_woolley; DP0453339_jeremy_woolley; LP130100270_jeremy_woolley,,
DP0451254_gregory_baxter,4,Gregory Baxter,,The University of Queensland; The University of Melbourne; Victoria University,"Atomic, molecular and optical physics; Communications engineering; Ecological applications",DP0878268_gregory_baxter; DP0773999_gregory_baxter; LP0882090_gregory_baxter; DP0451254_gregory_baxter,,
DP0345983_geoffrey_bicknell,4,Geoffrey Bicknell,0000-0003-0234-7940,The Australian National University; The University of Adelaide,Astronomical sciences; Nuclear and plasma physics,DP0345983_geoffrey_bicknell; DP0664434_geoffrey_bicknell; DP140103341_geoffrey_bicknell; DP1096417_geoffrey_bicknell,,
DE120100161_leisa-maree_toms,4,Leisa-Maree Toms,0000-0002-1444-1638,Queensland University of Technology; The University of Queensland,Analytical Chemistry; Environmental Management; Environmental management,DP250104263_leisa-maree_toms; LP240201031_leisa-maree_toms; DP180101475_leisa-maree_toms; DE120100161_leisa-maree_toms,,
DE130101712_kathleen_ellis,4,Kathleen Ellis,0000-0001-9560-2378,Curtin University; Western Sydney University,Communication and Media Studies; Communication and media studies,DP240103045_kathleen_ellis; DP250102495_kathleen_ellis; DP170104875_kathleen_ellis; DE130101712_kathleen_ellis,,
DP0208896_irena_zarudi,4,Irena Zarudi,,The University of Sydney; The University of New South Wales,Manufacturing engineering; Materials engineering; Mechanical engineering,LP0346966_irena_zarudi; DP0208896_irena_zarudi; DP0773123_irena_zarudi; DP0558543_irena_zarudi,,
DE180100635_nicholas_golding,4,Nicholas Golding,0000-0001-8916-5570,The University of Melbourne; Curtin University,Applied Mathematics; Ecological applications; Environmental management; Evolutionary Biology,DP240102286_nicholas_golding; DP230101111_nicholas_golding; DP190100613_nicholas_golding; DE180100635_nicholas_golding,,
DP0211675_robert_dromey,4,Robert Dromey,,University of Technology Sydney; Griffith University; The University of Queensland,Information systems; Software engineering,DP0345355_robert_dromey; DP0211675_robert_dromey; LP0989363_robert_dromey; LP0989211_robert_dromey,,
DP0342540_ross_shalliker,4,Ross Shalliker,,University of Tasmania; Deakin University; Western Sydney University,Analytical chemistry; Geochemistry,DP0342540_ross_shalliker; DP140100439_ross_shalliker; LP130100681_ross_shalliker; DP0987318_ross_shalliker,,
LP0219314_john_o'toole,4,John O'Toole,0000-0002-0570-0722,Griffith University; The University of Melbourne,Curriculum and pedagogy; Performing arts; Specialist studies in education,LP0219314_john_o'toole; LP0776532_john_o'toole; LP0775023_john_o'toole; LP0562431_john_o'toole,,
LP0347167_jonathan_osborn,4,Jonathan Osborn,,Griffith University; University of Tasmania,Archaeology; Civil engineering,LP190100194_jonathan_osborn; LP0347167_jonathan_osborn; LP0667925_jonathan_osborn; LP100100700_jonathan_osborn,,
DP0984755_yong_wang,4,Yong Wang,0000-0003-3744-912X,The University of Queensland; The University of New South Wales,Chemical Engineering; Food sciences; Materials engineering,DP250101468_yong_wang; LP210200831_yong_wang; DP120100840_yong_wang; DP0984755_yong_wang,,
LP0561724_rajagopal_gururajan,4,Rajagopal Gururajan,0000-0002-5919-0174,Edith Cowan University; University of the Sunshine Coast; University of Southern Queensland,Health services and systems; Information systems; Nursing,LP0882065_rajagopal_gururajan; LP0561724_rajagopal_gururajan; LP110100671_rajagopal_gururajan; LP0989722_rajagopal_gururajan,,
DP0559655_desley_connell,4,Desley Connell,,Queensland University of Technology; The University of Queensland,Building; Health services and systems; Other chemical sciences,LP0349155_desley_connell; DP0559655_desley_connell; LP0453669_desley_connell; DP1095752_desley_connell,,
DP0557987_jeremy_brownlie,4,Jeremy Brownlie,0000-0003-0161-2204,Griffith University; The University of Queensland,Genetics; Microbiology; Zoology,LP240200347_jeremy_brownlie; DP0772992_jeremy_brownlie; DP0557987_jeremy_brownlie; DP1092492_jeremy_brownlie,,
DP160100494_timothy_o'rourke,3,Timothy O'Rourke,0000-0002-6598-5045,University of Technology Sydney; The University of Queensland,Architecture; Historical studies,LP240200598_timothy_o'rourke; LP160100415_timothy_o'rourke; DP160100494_timothy_o'rourke,,
DP0559497_gerhard_gallery,3,Gerhard Gallery,0000-0002-4395-4280,Queensland University of Technology; The University of New South Wales,"Accounting, auditing and accountability; Legal systems",DP0559497_gerhard_gallery; LP110200616_gerhard_gallery; LP100200573_gerhard_gallery,,
DP0559137_akbar_afaghi khatibi,3,Akbar Afaghi Khatibi; Akbar Afaghi-Khatibi,0000-0002-1036-7290,The University of Sydney; RMIT University,Artificial intelligence; Materials engineering,DP0559137_akbar_afaghi khatibi; LP130100236_akbar_afaghi khatibi; LP120200046_akbar_afaghi khatibi,,
LP0989138_sigfredo_fuentes jara,3,Sigfredo Fuentes; Sigfredo Fuentes Jara,0000-0002-0377-5085,The University of Melbourne; The University of Adelaide,Electrical engineering; Horticultural production,LP160101475_sigfredo_fuentes jara; LP0989138_sigfredo_fuentes jara; LP0989138_sigfredo_fuentes jara,,
DP0208350_edmund_wright,3,Edmund WRIGHT; Edmund Wright,0000-0001-7232-8302,The Australian National University; The University of Newcastle,Historical studies; Legal systems,DP0208350_edmund_wright; DP0208350_edmund_wright; DP0774419_edmund_wright,,
DP0343998_alexander_rubinov,3,Alexander Rubinov,,Federation University Australia; The University of New South Wales,Applied mathematics; Architecture; Numerical and computational mathematics,DP0343998_alexander_rubinov; DP0450151_alexander_rubinov; LP0669752_alexander_rubinov,,
DP0211809_boualem_boashash,3,Boualem Boashash,0000-0002-2404-9103,Queensland University of Technology; The University of Queensland,Electrical engineering,DP0211809_boualem_boashash; DP0665697_boualem_boashash; LP0562317_boualem_boashash,,
DP0210352_ronald_ekers,3,Ronald Ekers,0000-0002-3532-9928,The University of Sydney; The University of Adelaide,Astronomical sciences,DP0210352_ronald_ekers; DP0881006_ronald_ekers; DP0559991_ronald_ekers,,
DE150100373_xi_chen,3,XI CHEN; Xi Chen,0000-0003-2168-9057,Queensland University of Technology; The University of Melbourne,Building; Communications engineering,DE200101597_xi_chen; DE150100373_xi_chen; DP150104815_xi_chen,,
DE160100796_luhua_li,3,Luhua Li,0000-0003-2435-5220,Deakin University; The University of Newcastle,Nanotechnology,DP230100542_luhua_li; DP190102656_luhua_li; DE160100796_luhua_li,,
DE130101453_nicholas_porch,3,Nicholas Porch,,The Australian National University; Deakin University,Archaeology; Environmental Management; Zoology,LP230100176_nicholas_porch; DP0878694_nicholas_porch; DE130101453_nicholas_porch,,
DE180100215_ali_jalili,3,Ali Jalili,0000-0003-3851-0818,The University of Sydney; The University of New South Wales,Crop and Pasture Production; Nanotechnology,FT230100396_ali_jalili; DP230102907_ali_jalili; DE180100215_ali_jalili,,
DP0345581_roya_sheikholeslami,3,Roya Sheikholeslami,,The University of Sydney; The University of New South Wales,Chemical engineering,LP0349036_roya_sheikholeslami; DP0345581_roya_sheikholeslami; LP0235259_roya_sheikholeslami,,
DP0210446_rulande_rutgers,3,Rulande Rutgers,,The University of Sydney; The University of Queensland,Food sciences; Materials engineering,LP0211915_rulande_rutgers; DP0210446_rulande_rutgers; LP0453529_rulande_rutgers,,
DP0558677_vicky_mak,3,Vicky Mak,0000-0002-9306-5780,Deakin University; The University of Melbourne,Applied mathematics; Artificial intelligence; Performing arts,DP220101925_vicky_mak; DP0558677_vicky_mak; DP0987101_vicky_mak,,
DP0663834_mike_bambach,3,Mike Bambach,0000-0002-3512-1473,The University of Sydney; The University of New South Wales,Automotive engineering; Civil engineering; Health services and systems,DP0663834_mike_bambach; DP170104916_mike_bambach; LP110100069_mike_bambach,,
DP0664279_gregory_missingham,3,Gregory Missingham,,Western Sydney University; RMIT University,Architecture; Design; Legal systems,LP0882179_gregory_missingham; LP0776248_gregory_missingham; DP0664279_gregory_missingham,,
DP0773299_eric_vos,3,Eric Vos,0000-0001-9124-5836,The University of Sydney; Deakin University; Monash University,Applied economics; Health services and systems,DP0773299_eric_vos; LP100200057_eric_vos; LP100100158_eric_vos,,
DP0345101_alistar_robertson,3,Alistar Robertson,0000-0003-2445-3293,The University of Western Australia; Macquarie University,Ecology,DP0345101_alistar_robertson; LP0346918_alistar_robertson; DP0557569_alistar_robertson,,
DP0449886_jacqueline_croke,3,Jacqueline Croke,,The Australian National University; The University of Queensland; The University of New South Wales,Physical geography and environmental geoscience,DP0449886_jacqueline_croke; LP0881993_jacqueline_croke; LP120200093_jacqueline_croke,,
DP0558069_penelope_russell,3,Penelope Russell,0000-0001-8818-2619,The University of Sydney; The University of New South Wales,Historical studies,DP190100940_penelope_russell; DP0558069_penelope_russell; DP120103101_penelope_russell,,
DP0556065_jennifer_o'dea,3,Jennifer O'Dea,0000-0001-5939-5746,The University of Sydney; The University of New South Wales,Cultural studies; Health services and systems,DP0667170_jennifer_o'dea; DP0556065_jennifer_o'dea; DP110105115_jennifer_o'dea,,
DP0559185_patrice_auger,3,Patrice Auger,0000-0001-6387-7211,The University of Melbourne; The University of New South Wales,"Marketing; Strategy, management and organisational behaviour",DP0559185_patrice_auger; DP1095395_patrice_auger; DP0988044_patrice_auger,,
LP150100364_kenneth_kirkbride,3,Kenneth Kirkbride,0000-0001-7666-4039,The University of Queensland; Flinders University; Monash University,Analytical chemistry; Environmental management; Other biological sciences,LP170100889_kenneth_kirkbride; LP150100984_kenneth_kirkbride; LP150100364_kenneth_kirkbride,,
LP0210823_andrew_fluck,3,Andrew Fluck,0000-0003-1301-4615,University of Tasmania; La Trobe University,Specialist studies in education,LP0210823_andrew_fluck; LP0667694_andrew_fluck; LP130101088_andrew_fluck,,
LP0235289_edward_barrett-lennard,3,Edward Barrett-Lennard,,The University of Western Australia; Curtin University,Ecological applications; Environmental management; Plant biology,LP0235349_edward_barrett-lennard; LP0235289_edward_barrett-lennard; LP120200808_edward_barrett-lennard,,
DP190102612_walter_fairlie,3,Walter Fairlie,0000-0002-2498-1160,The University of Melbourne; La Trobe University,Biochemistry and cell biology; Biomedical Engineering; Veterinary Sciences,DP240100465_walter_fairlie; LP240100177_walter_fairlie; DP190102612_walter_fairlie,,
DP200102298_wei_zhang,3,Wei Zhang,0000-0002-0406-5974,The University of Adelaide; Macquarie University,Data Management and Data Science; Information systems,LP230200821_wei_zhang; DP240103070_wei_zhang; DP200102298_wei_zhang,,
DP140100360_marcus_hockings,3,Marcus Hockings,,The University of Queensland; Charles Darwin University,"Environmental management; Heritage, archive and museum studies; Policy and administration",LP0667672_marcus_hockings; DP140100360_marcus_hockings; LP120200125_marcus_hockings,,
DP160104362_beatriz_prieto simon,3,Beatriz Prieto Simon; Beatriz Prieto-Simon,0000-0001-8016-1565,University of South Australia; Monash University,Analytical chemistry; Macromolecular and materials chemistry; Physical chemistry,LP160101050_beatriz_prieto simon; DP160104362_beatriz_prieto simon; LP130100032_beatriz_prieto simon,,
DP160102561_michael_o'leary,3,Michael O'Leary,0000-0001-7040-3137,Flinders University; The University of Western Australia; Macquarie University,Archaeology; Physical geography and environmental geoscience,LP190100724_michael_o'leary; DP160102561_michael_o'leary; DP170100812_michael_o'leary,,
DP160103130_william_hobbs,3,William Hobbs,0000-0002-2061-0899,The Australian National University; University of Tasmania,Climate Change Science; Oceanography,DP230102994_william_hobbs; LP200100406_william_hobbs; DP160103130_william_hobbs,,
DP130103849_sandra_kaji-o'grady,3,Sandra Kaji-O'Grady,0000-0002-9474-7994,The University of Sydney; The University of Queensland,Architecture,LP0776904_sandra_kaji-o'grady; DP130103849_sandra_kaji-o'grady; LP100200107_sandra_kaji-o'grady,,
DP150102405_wei_liu,3,Wei Liu,0000-0002-7409-0948,The University of Sydney; RMIT University,Artificial intelligence; Information systems; Language studies,LP0218928_wei_liu; DP150102405_wei_liu; LP110100050_wei_liu,,
DP0986372_deidre_carter,3,Deidre Carter,0000-0002-4638-0059,University of Technology Sydney; The University of Sydney,Food sciences; Medical microbiology; Microbiology,DP210101358_deidre_carter; DP0986372_deidre_carter; LP0990949_deidre_carter,,
DP1096759_linda_botterill,3,Linda Botterill,0000-0002-6060-5090,The Australian National University; University of Canberra,Policy and administration; Political science,DP140100311_linda_botterill; DP1096759_linda_botterill; LP0990000_linda_botterill,,
DP150102472_yan_wang,3,Yan Wang,0000-0003-1635-5554,The University of Melbourne; RMIT University,Environmental management,DP220102666_yan_wang; DP190100613_yan_wang; DP150102472_yan_wang,,
DP0452696_guangzhong_luo,2,Guangzhong Luo,,Murdoch University; The University of Western Australia,Applied and developmental psychology; Specialist studies in education,DP0452696_guangzhong_luo; LP0454080_guangzhong_luo,,
DP0453173_gregory_rouse,2,Gregory Rouse,,The University of Sydney; The University of Adelaide,Evolutionary biology,DP0558736_gregory_rouse; DP0453173_gregory_rouse,,
DP0345145_bennett_macdonald,2,Bennett Macdonald,,The Australian National University; Southern Cross University,Environmental management; Soil sciences,DP0345145_bennett_macdonald; LP0454286_bennett_macdonald,,
DP0209388_charles_skilbeck,2,Charles Skilbeck,,University of Technology Sydney; The University of Newcastle,Geochemistry; Soil sciences,DP0209388_charles_skilbeck; LP0455110_charles_skilbeck,,
DP0210581_glenda_harward-nalder,2,Glenda Harward-Nalder,,Griffith University; Queensland University of Technology,Screen and digital media; Specialist studies in education,LP0348037_glenda_harward-nalder; DP0210581_glenda_harward-nalder,,
DP0451275_william_ashcroft,2,William Ashcroft,,Deakin University; The University of New South Wales,Literary studies,DP0451275_william_ashcroft; DP110100012_william_ashcroft,,
DP0209169_william_mcgeorge,2,William McGeorge,,The University of New South Wales; The University of Newcastle,Building,DP0209169_william_mcgeorge; LP0455456_william_mcgeorge,,
DE250101001_hung_ho-nguyen,2,Hung Ho-Nguyen,0000-0003-4464-7730,The University of Sydney; Monash University,Econometrics; Numerical and Computational Mathematics,DE250101001_hung_ho-nguyen; DP250100702_hung_ho-nguyen,,
DE170100841_ana_martins sequeira,2,Ana Martins Sequeira,0000-0001-6906-799X,The Australian National University; The University of Western Australia,Ecology,DP210103091_ana_martins sequeira; DE170100841_ana_martins sequeira,,
DE140101096_margaretha_vandermerwe,2,Margaretha VanDerMerwe,,The University of Western Australia; La Trobe University,Plant biology,DE140101096_margaretha_vandermerwe; DP140100321_margaretha_vandermerwe,,
DE150101523_mei-fen_kuo,2,Mei-fen Kuo,,The University of Queensland; La Trobe University,Historical studies,DE150101523_mei-fen_kuo; LP100200479_mei-fen_kuo,,
DP0208754_sverre_myhra,2,Sverre Myhra,0000-0003-2904-152X,Griffith University; Swinburne University of Technology,Medical and biological physics; Nanotechnology,DP0208754_sverre_myhra; DP0559782_sverre_myhra,,
DE200101019_gregory_walter,2,Gregory Walter,0000-0002-0883-3440,University of Tasmania; Monash University,Evolutionary Biology; Evolutionary biology,FT240100466_gregory_walter; DE200101019_gregory_walter,,
DP0342843_joseph_dortch,2,Joseph Dortch,0000-0002-0510-5456,The University of Sydney; Curtin University,Archaeology,DP0342843_joseph_dortch; DP120103725_joseph_dortch,,
DP0557726_lazar_strezov,2,Lazar Strezov,,Deakin University; University of Wollongong,Materials engineering; Resources engineering and extractive metallurgy,DP0879319_lazar_strezov; DP0557726_lazar_strezov,,
DP110101627_glenn_trembath,2,Glenn Trembath,,The University of Melbourne; Australian Catholic University,Historical studies,LP0560359_glenn_trembath; DP110101627_glenn_trembath,,
DP110100881_theodorus_sloots,2,Theodorus Sloots,0000-0003-1643-1908,The University of Sydney; The University of Queensland,Microbiology; Sociology,DP110100881_theodorus_sloots; LP0884126_theodorus_sloots,,
DP1096655_nicholas_glozier,2,Nicholas Glozier,0000-0002-0476-9146,The University of Sydney; University of South Australia,Applied and developmental psychology; Applied economics,DP200102752_nicholas_glozier; DP1096655_nicholas_glozier,,
DP0666786_jennifer_burn,2,Jennifer Burn,0000-0002-6942-3429,University of Technology Sydney; Griffith University,Historical studies; Legal systems,DP0666786_jennifer_burn; DP140101793_jennifer_burn,,
DP0667326_alan_bittles,2,Alan Bittles,0000-0002-8176-2730,Edith Cowan University; The University of Western Australia,Genetics; Health services and systems,DP0667326_alan_bittles; LP0453479_alan_bittles,,
DP0560040_dmitry_strunin,2,Dmitry Strunin,0000-0003-1945-4814,University of Southern Queensland; The University of Adelaide,Fluid mechanics and thermal engineering,DP0560040_dmitry_strunin; DP0988738_dmitry_strunin,,
DP0663271_nick_fazzalari,2,Nick Fazzalari,,Flinders University; The University of Adelaide,Clinical sciences; Physical chemistry,DP0878419_nick_fazzalari; DP0663271_nick_fazzalari,,
DP0666472_david_stegman,2,David Stegman,,The University of Melbourne; Monash University,Geology; Geophysics,DP0878501_david_stegman; DP0666472_david_stegman,,
DP190101253_james_pittock,2,James Pittock,0000-0001-6293-996X,The Australian National University; Deakin University,Ecology; Historical studies,LP210300506_james_pittock; DP190101253_james_pittock,,
DP180100965_kathryn_barclay,2,Kathryn (Kate) Barclay,0000-0002-4779-0965,University of Technology Sydney; University of Wollongong,Anthropology; Environmental management,LP200300895_kathryn_barclay; DP180100965_kathryn_barclay,,
DP170104541_robert_fitzpatrick,2,Robert Fitzpatrick,0000-0002-9235-0360,The University of Adelaide; Southern Cross University,Geochemistry; Soil sciences,DP250100304_robert_fitzpatrick; DP170104541_robert_fitzpatrick,,
DP160102625_nikolaos_ntoumanis,2,Nikolaos Ntoumanis,0000-0001-7122-3795,Curtin University; Australian Catholic University,Applied and developmental psychology; Curriculum and pedagogy,DP200101555_nikolaos_ntoumanis; DP160102625_nikolaos_ntoumanis,,
DP160100272_edward_paterson,2,Edward Paterson,0000-0002-0621-3272,The University of Melbourne; Murdoch University,Performing arts,LP160100140_edward_paterson; DP160100272_edward_paterson,,
DP120101414_shanthakumar_wilson rajaratnam,2,Shanthakumar Wilson_Rajaratnam,,The University of Melbourne; Monash University,Applied and developmental psychology,LP120200223_shanthakumar_wilson rajaratnam; DP120101414_shanthakumar_wilson rajaratnam,,
DP110103081_kevin_kiernan,2,Kevin Kiernan,,The University of Queensland; The University of New England,Archaeology; Physical geography and environmental geoscience,DP120102316_kevin_kiernan; DP110103081_kevin_kiernan,,
DP110104247_shahraam_afshar vahid,2,Shahraam Afshar Vahid,0000-0003-2322-9775,University of South Australia; The University of Adelaide,"Atomic, molecular and optical physics; Communications engineering",DP190102896_shahraam_afshar vahid; DP110104247_shahraam_afshar vahid,,
DP250104625_anna_kotarba,2,Anna Kotarba,0000-0002-0069-3834,The University of Queensland; University of South Australia,Archaeology; Architecture,DP250104625_anna_kotarba; LP210300105_anna_kotarba,,
FT200100525_sandy_o'sullivan,2,Sandy O'Sullivan,0000-0003-2952-4732,Griffith University; Macquarie University,Cultural studies; Performing arts,FT200100525_sandy_o'sullivan; LP150100522_sandy_o'sullivan,,
FT230100243_yang_liu,2,Yang Liu,0000-0001-5058-8373,Queensland University of Technology; Southern Cross University,Environmental Engineering; Geochemistry,FT230100243_yang_liu; LP200200790_yang_liu,,
LP0209909_timothy_horberry,2,Timothy Horberry,,The University of Queensland; Monash University,"Applied and developmental psychology; Transportation, logistics and supply chains",LP0348431_timothy_horberry; LP0209909_timothy_horberry,,
DP200102130_bronwyn_hajek,2,Bronwyn Hajek,0000-0002-7892-4620,The University of Sydney; University of South Australia,Applied mathematics,DP210102246_bronwyn_hajek; DP200102130_bronwyn_hajek,,
DP200100726_jacob_veerman,2,Jacob Veerman,0000-0002-3206-8232,Deakin University; Macquarie University,Health services and systems; Policy and administration,DP200100726_jacob_veerman; LP100200057_jacob_veerman,,
DP190103243_petr_radchenko,2,Petr Radchenko,0000-0001-8826-9239,The University of Sydney; Monash University,Econometrics; Statistics,DP250100702_petr_radchenko; DP190103243_petr_radchenko,,
DP220100585_terese_henning,2,Terese Henning,0000-0002-9405-7491,University of Tasmania; The University of New South Wales,Criminology; Legal systems,DP220100585_terese_henning; LP0349240_terese_henning,,
LP0562084_suzanne_reichman,2,Suzanne Reichman,0000-0002-5110-5166,The University of Melbourne; The University of Newcastle,Chemical Engineering; Environmental management,LP220100375_suzanne_reichman; LP0562084_suzanne_reichman,,
LP0667764_gregory_battye,2,Gregory Battye,,University of Canberra; Western Sydney University,Architecture; Legal systems,LP0776248_gregory_battye; LP0667764_gregory_battye,,
LP0347300_elizabeth_wheelahan,2,Elizabeth (Leesa) Wheelahan,0000-0001-7981-9710,The University of Melbourne; Monash University,Education systems; Sociology,LP0347300_elizabeth_wheelahan; LP100200162_elizabeth_wheelahan,,
LP0455570_mike_van keulen,2,Mike van Keulen,,The University of Queensland; Murdoch University,Ecology; Environmental management,LP0455570_mike_van keulen; LP150100669_mike_van keulen,,
LP0990541_roger_braddock,2,Roger Braddock,,Griffith University; Curtin University,"Mechanical engineering; Transportation, logistics and supply chains",LP140100919_roger_braddock; LP0990541_roger_braddock,,
LP0990631_goen_ho,2,Goen Ho,0000-0001-9190-8812,Murdoch University; Curtin University,Environmental biotechnology; Urban and regional planning,LP100200380_goen_ho; LP0990631_goen_ho,,
LP120200130_mathieu_savelsbergh,2,Mathieu (Martin) Savelsbergh,0000-0001-7031-5516,The University of Melbourne; The University of Newcastle,Applied mathematics; Geomatic engineering,LP140101000_mathieu_savelsbergh; LP120200130_mathieu_savelsbergh,,
LP0990134_samantha_low choy,2,Samantha Low Choy; Samantha Low-Choy,0000-0002-1722-4428,Griffith University; Queensland University of Technology,Atmospheric sciences; Social work,LP0990134_samantha_low choy; LP170100480_samantha_low-choy,,
DE250100317_liang_wang,2,LIANG WANG; Liang Wang,0000-0002-0377-1228,Griffith University; Monash University,Chemical engineering; Religion and Religious Studies,DP200100524_liang_wang; DE250100317_liang_wang,True,"Two different real people sharing only the name -- confirmed via live ORCID lookups on both. DE250100317 (Griffith University, DECRA): ""Dr Liang Jason Wang"", ORCID 0000-0002-0377-1228, verified email domain griffith.edu.au, Research Fellow, Centre for Catalysis and Clean Energy -- electrocatalysis/2D nanomaterials, matches FOR primary 4004 Chemical Engineering exactly. DP200100524 (Monash University admin, Macquarie partner org): ""Liang Choon Wang"", ORCID 0000-0001-5723-9053 (added to manual_orcids.csv), Monash University economist (PhD UCSD, Dept of Economics) -- decisively confirmed via a real 2025 co-authored paper (""Islamic bureaucracies in Indonesia and Turkey: the challenge of comparison"", Religion, State and Society) whose co-authors are Banu Senay and Julian Millie, exactly this grant's other two CIs. He is an economist doing genuinely interdisciplinary work on this grant, not himself a religious-studies scholar -- the grant's primary FOR 2204 (Religion and Religious Studies) reflects the collaboration's subject matter, not his own discipline. Institutions genuinely differ (Griffith vs Monash), so the existing institution-based split correctly separates these -- no per-grant override needed for this specific case, though that mechanism (manual_splits_by_grant.csv) was still added as real, useful infrastructure for a future same-institution case. Found via 01a_diagnose.py's A3/is_suspicious_for2020 flag (2026-08-21), which correctly caught a real cross-division combination (Engineering + Religious Studies) that turned out to be a genuine merge error, not a broad-career false positive."
DP0209460_david_miller,9,David MILLER; David Miller,,James Cook University; Curtin University; The Australian National University; The University of New South Wales,Genetics; Microbiology; Environmental management; History and philosophy of specific fields; Zoology,LP160101508_david_miller; DP250103482_david_miller; DP240102310_david_miller; DP170104734_david_miller; DP1095343_david_miller; DP0664031_david_miller; DP0344483_david_miller; DP0209460_david_miller; DP0209460_david_miller,True,"Two different real people sharing only the name -- see manual_splits_by_grant.csv for the per-grant assignment (institution-based splitting alone is insufficient here: the real coral biologist's own 8 genuine grants span THREE different institutions -- JCU/Curtin/ANU -- so a plain institution split would wrongly fragment him into three pieces). 8 grants (LP160101508, DP250103482, DP240102310, DP170104734, DP1095343, DP0344483, DP0209460 x2 name-case variants): David J Miller, ORCID 0000-0003-0291-9531 (verified via live ORCID lookup, not yet added to manual_orcids.csv -- 76 works, coral/evo-devo biology, JCU-affiliated since ~2004, ANU Visiting Fellow since 1992, OIST Visiting Researcher since 2021), corroborated directly by co-investigators appearing on his own ORCID coauthor list (Eldon Ball) and other genuine coral/evo-devo researchers across the 8 grants (David Bourne, Ira Cooke, Walter Gehring and Gerhard Technau -- the Pax6/eyeless discoverers). 1 grant (DP0664031, UNSW, sole investigator, no co-investigators at all): a different, unrelated David Miller, primary FOR 2202/370601 History and Philosophy of Science and Technology -- zero institutional or topical overlap with the other 8. Found via 01a_diagnose.py's A3 flag (2026-08-21) after the RARE_NAME_TF recalibration made this common-name, cross-division cluster visible for the first time."
DE120100110_jee_kim,4,Jee Hyun Kim; Hyun Jin Kim,0000-0002-1299-4300,The University of Melbourne; Deakin University; The University of Sydney,Applied and developmental psychology; Historical studies,DE120100110_jee_kim; DE120101493_hyun_kim; DP150102496_jee_kim; FT220100351_jee_kim,True,"Two different real people -- see manual_splits_by_grant.csv. ORCID 0000-0002-1299-4300 confirmed: given=Jee Hyun family=Kim (that exact order), employment Deakin/Florey Institute/Melbourne/Michigan/UNSW, all psychology/neuroscience -- matches 3 of the 4 grants exactly. The 4th (DE120101493) is Hyun Jin Kim (reversed given-name order), primary FOR Historical studies, eligible_org University of Sydney -- a different person, zero overlap with the confirmed psychologist. High confidence."
DE120101580_peter_smith,4,Peter Smith; Peter James Smith,0000-0001-8286-4563,Monash University; RMIT University,Health services and systems; Statistics,DE120101580_peter_smith; LP0347295_peter_smith; LP0347295_peter_smith; LP130100091_peter_smith,True,"Two different real people -- see manual_splits_by_grant.csv. ORCID 0000-0001-8286-4563 confirmed: employment Monash University + Institute for Work and Health (Toronto occupational-health/epidemiology institute) -- matches the Health services/Epidemiology/Demography grants exactly. LP0347295 (RMIT, Statistics/Banking-finance) has zero RMIT or statistics/finance connection anywhere on this ORCID's record -- a different person. High confidence."
DE170100928_yun-xiao_wang,3,Yun-Xiao Wang; Xiao Hua Wang,0000-0003-1704-0829,University of Wollongong; The University of New South Wales,Materials engineering; Environmental management,DE170100928_yun-xiao_wang; DP220103301_yun-xiao_wang; LP110100652_xiao_wang,True,"Two different real people, MODERATE confidence -- see manual_splits_by_grant.csv. ORCID 0000-0003-1704-0829 is present but its own record is too sparse (no employment, no other-names) to directly corroborate. Split instead on three independently converging signals: institution (University of Wollongong vs UNSW), given name (Yun-Xiao vs Xiao Hua -- share only 'Xiao'), and field (Materials/Chemical/Mechanical engineering vs Environmental management/Applied economics/Oceanography). Less decisive than the ORCID-confirmed splits above -- flagged as moderate, not high, confidence."
DE150101755_peng-yuan_wang,3,Peng-Yuan Wang; Yuan Wang,0000-0001-7965-2914,Swinburne University of Technology; The University of New South Wales,Fluid mechanics and thermal engineering; Chemical engineering,DE150101755_peng-yuan_wang; DP240101469_yuan_wang; LP160100622_yuan_wang,True,"Two different real people, high confidence (user-found external corroboration). DE150101755 (Swinburne, DECRA 2015): confirmed via a real Swinburne/Melbourne Centre for Nanofabrication news article -- ""Dr Peng-Yuan (George) Wang"", ARC DECRA Fellow, stem cell/nanofabrication/biomaterials research (surface properties and stem cell behaviour) -- matches the grant's own FOR codes (Biomedical engineering, Medical biotechnology, Fluid mechanics and thermal engineering) exactly. DP240101469 + LP160100622 (both UNSW, Chemical/Electrical engineering, co-investigators David Waite / Vicki Chen / Gregory Leslie -- established UNSW chemical engineering / membrane-water-treatment researchers): a different, unrelated ""Yuan Wang"". Institutions genuinely differ (Swinburne vs UNSW), so plain institution-based splitting is sufficient -- no per-grant override needed. Note: a third, also-unrelated ""Peng Wang"" (ORCID 0000-0002-7701-561X, entrepreneurship/social network analysis, DE160100471, Swinburne 2016 DECRA) was investigated and ruled out during this review -- confirmed via ARC's own raw data as a separate grant record, separate ORCID, separate (later) DECRA round, never part of this cluster."
DE220101310_tao_liu,4,Tao Liu,0000-0001-7673-747X,The University of Queensland; The University of New South Wales,Microbiology; Oncology and carcinogenesis,LP220200963_tao_liu; FT120100323_tao_liu; DP230101340_tao_liu; DE220101310_tao_liu,True,"Two different real people, high confidence -- scheme-eligibility argument (user's own catch), independent of and stronger than the field/institution mismatch alone. FT120100323 is a Future Fellowship (2012 round, UNSW, Oncology and carcinogenesis) -- a MID-career award requiring an established track record. DE220101310 is a DECRA (2022 round, UQ, Microbiology/Environmental management) -- specifically an EARLY-career award (limited years post-PhD). The same real person cannot be senior enough to hold a Future Fellowship in 2012 and still be DECRA-eligible a decade later in 2022 -- the two schemes' eligibility windows structurally cannot overlap for one career. DP230101340 and LP220200963 (both UQ, Microbiology/Chemical engineering/Environmental-Industrial biotechnology) sit with the DECRA holder, same institution, same field family. FT120100323 (UNSW, Oncology) is the different, unrelated person. Institutions genuinely differ (UQ vs UNSW), so plain institution-based splitting is sufficient."
DP120101973_david_hunter,3,David Hunter,0000-0003-3197-752X,The University of Sydney; The University of Melbourne,Clinical sciences; Artificial intelligence,FT0991246_david_hunter; DP130104407_david_hunter; DP120101973_david_hunter,True,"Two different real people, high confidence -- ORCID biography decisive: ""Dr Hunter, Professor of Medicine at the University of Sydney, is a rheumatologist and epidemiologist"" (Florance & Cope Chair of Rheumatology, verified via university faculty page too). Matches FT0991246 + DP130104407 (both Sydney, Clinical sciences/Health services) exactly. DP120101973 (Melbourne, Artificial intelligence/Applied mathematics) is a different, unrelated David Hunter. Institutions genuinely differ."
DE160100382_wei_xu,5,Wei Xu,0000-0003-4019-5140,Murdoch University; RMIT University; The University of Sydney,Zoology; Materials engineering; Communications engineering,LP140100607_wei_xu; LP0209231_wei_xu; DP240103188_wei_xu; DP150104719_wei_xu; DE160100382_wei_xu,True,"Two different real people, high confidence. ORCID employment: Murdoch University (x3) + CSIRO Black Mountain Laboratories -- matches DE160100382 + DP240103188 (both Murdoch, Zoology/Biochemistry/Crop-pasture) exactly, CSIRO Black Mountain being agricultural-science-adjacent. Zero RMIT or Sydney on record. LP140100607 + DP150104719 (RMIT, Materials engineering) and LP0209231 (Sydney, Communications engineering) belong to a different, unrelated Wei Xu."
DP170102467_david_lewis,4,David Lewis,0000-0003-1245-3683,Flinders University; The University of Adelaide,Materials engineering; Plant biology,LP100200616_david_lewis; LP0775100_david_lewis; DP220102900_david_lewis; DP170102467_david_lewis,True,"Two different real people, high confidence. ORCID (David A. Lewis) employment: Flinders University (x2) + Zeiss/SOLA Optical + IBM Thomas J Watson Research Center + Virginia Tech -- all materials-science/optics-adjacent, matches DP170102467 + DP220102900 (both Flinders, Materials engineering/Nanotechnology) exactly. Zero University of Adelaide on record. LP100200616 + LP0775100 (Adelaide, Chemical engineering/Plant biology) belong to a different, unrelated David Lewis."
DE240100321_ying_zhu,4,Ying ZHU; Ying Zhu,0000-0002-8840-176X,University of Technology Sydney; The University of Melbourne; University of South Australia,Industrial biotechnology; Strategy and management,DP120102002_ying_zhu; DP0771091_ying_zhu; DP0342607_ying_zhu; DP0342607_ying_zhu; DE240100321_ying_zhu,True,"Two different real people, high confidence. ORCID employment: University of Technology Sydney + Dartmouth College + Suzhou Institute of Nano-tech and Nano-bionics -- matches DE240100321 (UTS, Industrial biotechnology/Analytical chemistry) exactly. Zero Melbourne or UniSA on record. DP120102002 + DP0342607 (x2 name-case variants, same grant) + DP0771091 (Melbourne/UniSA, Strategy-management/Legal systems/Human resources) belong to a different, unrelated Ying Zhu (business/law, not biotech)."
DE210101923_richard_jones,3,Richard Jones,0000-0003-2988-0999,Monash University; The University of Melbourne; Queensland University of Technology,Physical geography and environmental geoscience; Screen and digital media,LP0454996_richard_jones; LP0348535_richard_jones; DE210101923_richard_jones,True,"Two different real people, high confidence. ORCID (Richard Selwyn Jones) employment: Monash University + Durham University + Victoria University of Wellington -- all geography/geoscience institutions, matches DE210101923 (Monash, Physical geography/Geology) exactly. Zero Melbourne or QUT on record. LP0454996 + LP0348535 (Melbourne/QUT, Screen and digital media) belong to a different, unrelated Richard Jones."
DP1096655_craig_anderson,2,Craig Anderson,0000-0002-6243-7879,The Australian National University; The University of Sydney,Astronomical sciences; Applied economics,FT240100498_craig_anderson; DP1096655_craig_anderson,True,"Two different real people, high confidence. ORCID employment: ANU + CSIRO + National Radio Astronomy Observatory + CSIRO Astronomy and Space Science -- an astronomer, matches FT240100498 (ANU Future Fellowship, Astronomical sciences) exactly. DP1096655 (Sydney, Applied economics/Neuroscience/Public health) is a different, unrelated Craig Anderson."
DE240100822_jing_zhao,3,Jing Zhao,0000-0002-8681-857X,The University of New South Wales; Curtin University; La Trobe University,Soil sciences; Communication and media studies,DP170102176_jing_zhao; DP140100113_jing_zhao; DE240100822_jing_zhao,True,"Two different real people, high confidence -- full ORCID biography decisive: ""Dr. Jing Zhao is a Lecturer and DECRA Research Fellow in the School of Minerals and Energy Resources Engineering (MERE) at UNSW Sydney... PhD 2022 from... University of Queensland... sustainable mining, biohydrometallurgy, microbiology, and biotechnology"" -- matches DE240100822 (UNSW, Soil sciences/Environmental biotechnology/Environmental management) exactly, employment confirms UNSW + UQ only. DP140100113 (La Trobe, Banking/finance, single-org grant, reliable attribution) belongs to a different, unrelated Jing Zhao. DP170102176 (Curtin-administered, Communication/Cultural studies) is NOT safely attributable to Curtin specifically -- this grant has 4 eligible orgs (Curtin, Adelaide, UNSW, Wollongong) and ARC data does not record which investigator sits at which (2026-08-21 correction) -- still someone other than the DE240100822 biochemist given the field has nothing to do with sustainable mining, just not confidently placeable at Curtin."
DP150102405_wei_liu,3,Wei Liu,0000-0002-7409-0948,RMIT University; The University of Sydney,Artificial intelligence; Language studies,LP110100050_wei_liu; LP0218928_wei_liu; DP150102405_wei_liu,True,"Two different real people, high confidence (user-found external corroboration). ORCID belongs to Associate Professor Wei Liu, School of Physics, Mathematics and Computing (Computer Science and Software Engineering), UWA Data Institute Deputy Director -- confirmed via his UWA faculty page. LP110100050 + LP0218928 (both RMIT, AI/Software engineering, sharing co-investigator Lin Padgham -- a well-known RMIT multi-agent-systems researcher) match this identity. DP150102405 (Sydney, Language studies, co-investigators Meng Ji/Roberto Togneri plus international translation-studies scholars) is a different, unrelated Wei Liu."
DP0878752_jie_zhang,6,"Jie Zhang",0000-0003-2493-5209,"Monash University; The University of Queensland",,"LP0349004_jie_zhang; FT0990695_jie_zhang; DP220100316_jie_zhang; DP210100606_jie_zhang; DP170101535_jie_zhang; DP0878752_jie_zhang",True,"Split candidate (2026-08-21 batch, institution-overlap method): ORCID 0000-0003-2493-5209's own employment history matches Monash University only; University of Queensland belongs to a different, unrelated person sharing the same name. Not individually externally corroborated beyond this employment-institution match -- same evidence standard as the individually-reviewed cases above, recorded in streamlined form given the batch size."
DP0559809_michael_jones,12,"Michael Jones",0000-0001-5002-0227,"Murdoch University; The University of Western Australia",,"LP150101209_michael_jones; LP110200180_michael_jones; LP0882671_michael_jones; LP0776970_michael_jones; LP0668429_michael_jones; LP0560971_michael_jones; LP0455493_michael_jones; LP0455492_michael_jones; LP0348023_michael_jones; LP0219690_michael_jones; DP0771097_michael_jones; DP0559809_michael_jones",True,"Split candidate (2026-08-21 batch, institution-overlap method): ORCID 0000-0001-5002-0227's own employment history matches Murdoch University only; University of Western Australia belongs to a different, unrelated person sharing the same name. Not individually externally corroborated beyond this employment-institution match -- same evidence standard as the individually-reviewed cases above, recorded in streamlined form given the batch size."
DP0666991_nguyen_tran,3,"Nguyen Tran",0000-0001-7323-9213,"The University of Melbourne; The University of Sydney",,"DP250103783_nguyen_tran; DP200103718_nguyen_tran; DP0666991_nguyen_tran",True,"Split candidate (2026-08-21 batch, institution-overlap method): ORCID 0000-0001-7323-9213's own employment history matches University of Sydney only; University of Melbourne belongs to a different, unrelated person sharing the same name. Not individually externally corroborated beyond this employment-institution match -- same evidence standard as the individually-reviewed cases above, recorded in streamlined form given the batch size."
DE150100373_xi_chen,3,"XI CHEN; Xi Chen",0000-0003-2168-9057,"Queensland University of Technology; The University of Melbourne",,"DP150104815_xi_chen; DE200101597_xi_chen; DE150100373_xi_chen",True,"Split candidate (2026-08-21 batch, institution-overlap method): ORCID 0000-0003-2168-9057's own employment history matches Queensland University of Technology only; University of Melbourne belongs to a different, unrelated person sharing the same name. Not individually externally corroborated beyond this employment-institution match -- same evidence standard as the individually-reviewed cases above, recorded in streamlined form given the batch size."
DE130100614_sang_lee,4,"Sang Hong Lee",0000-0001-9701-2718,"The University of New England; University of South Australia",,"FT160100229_sang_lee; DP190100766_sang_lee; DP160102126_sang_lee; DE130100614_sang_lee",True,"Split candidate (2026-08-21 batch, institution-overlap method): ORCID 0000-0001-9701-2718's own employment history matches University of South Australia only; University of New England belongs to a different, unrelated person sharing the same name. Not individually externally corroborated beyond this employment-institution match -- same evidence standard as the individually-reviewed cases above, recorded in streamlined form given the batch size."
DP0344330_song_wang,3,"Song Wang",0000-0002-5198-8173,"Curtin University; The University of Western Australia",,"DP190103361_song_wang; DP0557148_song_wang; DP0344330_song_wang",True,"Split candidate (2026-08-21 batch, institution-overlap method): ORCID 0000-0002-5198-8173's own employment history matches Curtin University only; University of Western Australia belongs to a different, unrelated person sharing the same name. Not individually externally corroborated beyond this employment-institution match -- same evidence standard as the individually-reviewed cases above, recorded in streamlined form given the batch size."
DE170100319_michael_taylor,9,"Michael Taylor",0000-0003-4393-7760,"The Australian National University; The University of New South Wales; The University of Queensland; University of South Australia",,"LP0884158_michael_taylor; LP0455634_michael_taylor; LP0455625_michael_taylor; LP0347911_michael_taylor; DP1094428_michael_taylor; DP0773476_michael_taylor; DP0451680_michael_taylor; DE190100641_michael_taylor; DE170100319_michael_taylor",True,"Split candidate (2026-08-21 batch, institution-overlap method): ORCID 0000-0003-4393-7760's own employment history matches University of Queensland only; Australian National University + UNSW Sydney + University of South Australia belongs to a different, unrelated person sharing the same name. Not individually externally corroborated beyond this employment-institution match -- same evidence standard as the individually-reviewed cases above, recorded in streamlined form given the batch size."
DP0343717_david_walker,10,"David Walker",0000-0001-9322-6743,"Deakin University; La Trobe University; Monash University; The University of Adelaide; The University of Western Australia",,"LP130100117_david_walker; LP0989188_david_walker; LP0883453_david_walker; LP0348933_david_walker; LP0227320_david_walker; DP200102961_david_walker; DP0987677_david_walker; DP0984466_david_walker; DP0771641_david_walker; DP0343717_david_walker",True,"Split candidate (2026-08-21 batch, institution-overlap method): ORCID 0000-0001-9322-6743's own employment history matches University of Western Australia only; Deakin University + La Trobe University + Monash University + University of Adelaide belongs to a different, unrelated person sharing the same name. Not individually externally corroborated beyond this employment-institution match -- same evidence standard as the individually-reviewed cases above, recorded in streamlined form given the batch size."
DP0984755_yong_wang,4,Yong Wang,0000-0003-3744-912X,The University of New South Wales; The University of Queensland,Chemical engineering; Materials engineering,LP210200831_yong_wang; DP250101468_yong_wang; DP120100840_yong_wang; DP0984755_yong_wang,True,"Two different real people, high confidence -- reconsidered and reversed from an earlier session decision. UNSW grants (DP250101468, LP210200831): ORCID 0000-0003-3744-912X, employment UNSW Chemical Engineering 2020-present + COFCO Nutrition and Health Research Institute 2011-2019 + MIT visiting 2024 -- a materials-into-food-science career, verified UNSW email. UQ grants (DP120100840, DP0984755): a different Yong Wang, ORCID 0000-0002-9893-8296 (found via local Easy-ORCID-dataset name+institution matching, added to manual_orcids.csv) -- Professor at Zhejiang University Center of Electron Microscopy, verified zju.edu.cn email; own biography states ARC Research Fellow at UQ 2008-2012 in materials science/condensed matter physics under Prof Jin Zou and Prof Max Lu, exactly matching these grants own FOR codes (Materials engineering, Condensed matter physics). Raw ARC data confirmed clean: 0000-0003-3744-912X appears ONLY on the UNSW grants, UQ grants have no raw ORCID at all -- no duplication conflict, safe institution-based split."
LP0562243_xin-ming_chen,2,Xin-Ming Chen; Jer Ming Chen,0000-0003-3212-7172,The University of Sydney; The University of New South Wales,Clinical sciences; Classical physics,LP0562243_xin-ming_chen; LP0562243_xin-ming_chen; LP110100570_jer_chen,True,"Two different real people, high confidence, both institutions single-org grants. LP0562243 (Sydney, Clinical Sciences): Xin-Ming/Xinming Chen, ORCID 0000-0003-3212-7172, co-investigator Carol Pollock (USyd renal physician) -- consistent with Clinical Sciences. LP110100570 (UNSW, Classical Physics, role APDI, no ORCID on file): Jer Ming Chen, co-investigators Joe Wolfe and John Smith -- externally confirmed via a real 2010 International Congress on Acoustics dinner report (user-supplied): the CSR Bradford Insulation Excellence in Acoustics Award 2010 was presented to a UNSW team of Joe Wolfe, Jer Ming Chen, Paul Dickens and John Smith for wind-instrument acoustics measurement work, matching this grant's own co-investigators exactly. Genuinely different field, different institution, no ORCID or co-investigator overlap -- safe institution-based split."
DP240102286_david_price,2,David Price,0000-0003-0076-3123,The University of Melbourne,Applied mathematics; Performing arts,LP0211991_david_price; DP240102286_david_price,True,"Two different real people, high confidence -- both grants resolve to the SAME institution_oax_id (Melbourne), so the default institution-based split does NOT separate them; recorded here + in manual_splits_by_grant.csv with per-grant labels. DP240102286 (2024, Applied Mathematics/Epidemiology): David Price, ORCID 0000-0003-0076-3123, with Freya Shearer/James McCaw/Nicholas Golding -- externally confirmed as A/Prof David Price, Associate Professor of Biostatistics, Doherty Institute/University of Melbourne; PhD in Statistics from University of Adelaide 2015, Cambridge Disease Dynamics Unit research fellow, joined Doherty/Melbourne 2017. LP0211991 (2002, Performing Arts, dance research with Shirley McKechnie/Robin Grove/Catherine Stevens/Stephen Malloch, no ORCID, listed as 'Mr' not a research title): could not have been the same person -- the biostatistician was not yet even in his statistics PhD in 2002 (started 2015) -- and no external record exists for a 'Mr David Price' matching this performing-arts context. User-verified."
LP100100437_richard_taylor,3,Richard Taylor,,The University of New South Wales; The University of New England; The University of Queensland,Health services and systems; Condensed matter physics,LP160101784_richard_taylor; LP160100257_richard_taylor; LP100100437_richard_taylor,True,"User-determined: LP100100437 (UNSW, 2010, Public Health, w/ Mieke van Driel, Nicholas Zwar) and LP160100257 (UNE, 2016, Public Health/Aboriginal & Torres Strait Islander health, w/ Lorina Barker, Robert Boughton, Toni Schofield) are the SAME person -- coherent public-health/Indigenous-health career spanning UNSW to UNE. LP160101784 (UQ, 2017, Condensed Matter Physics/Materials Engineering, w/ Jung Ho Kim, Yusuke Yamauchi, Md.Shahriar Hossain) is a DIFFERENT person -- unrelated materials-physics field and co-investigator set. Three different institution_oax_id values (UNSW/UNE/UQ) mean the default institution-based split would wrongly separate all three into singletons -- recorded in manual_splits_by_grant.csv with the first two grouped and the third standing alone."
DP0208353_peter_anderson,3,Peter Anderson,,The University of Queensland; The University of Melbourne,Biochemistry and cell biology; Paediatrics and reproductive medicine,LP0883457_peter_anderson; FT0991187_peter_anderson; DP0208353_peter_anderson,True,"Two different real people, high confidence. DP0208353 (UQ, 2002, Biochemistry and Cell Biology, w/ Bostjan Kobe CI, Jeffrey Ellis PI): Peter A. Anderson, plant-immunity biochemist -- externally confirmed via a real bioRxiv preprint 'Structural basis of canonical TIR-NLR activation in plant innate immunity', co-authored by Jeffrey G. Ellis, Peter A. Anderson AND Bostjan Kobe together -- exact match to this grant's own CI/PI pair, plant TIR-NLR immune-receptor biochemistry matching the FOR code precisely. FT0991187 (Melbourne, 2009, Paediatrics and Reproductive Medicine) + LP0883457 (Melbourne, 2008, Public Health, w/ Rod Hunt, Kaye Spence, Nadia Badawi -- recognisable Australian neonatology/paediatric researchers): a different Peter Anderson, a paediatrics/child-health researcher -- same institution_oax_id (Melbourne) on both, plain institution-based split correctly groups them together and separates them from the UQ biochemist."
DP0665616_michael_anderson,4,Michael Anderson; Mike Anderson,,The University of Western Australia; The University of Melbourne; The University of Sydney,Psychology; Performing arts; Specialist studies in education,LP0989687_michael_anderson; LP0776532_michael_anderson; DP120102523_michael_anderson; DP0665616_michael_anderson,True,"Two different real people, high confidence -- three institution_oax_id values (UWA/Melbourne/Sydney) but only two people, so recorded in manual_splits_by_grant.csv. DP0665616 (2006) + DP120102523 (2012), both UWA, Psychology (w/ Allison Fox/Corinne Reid/Romola Bucks/Sergio Starkstein): Mike/Michael Anderson, a psychologist. LP0776532 (2007, Melbourne-administered, Performing Arts and Creative Writing, w/ Robyn Ewing) + LP0989687 (2009, Sydney, Specialist Studies in Education, w/ Robyn Gibson): externally confirmed as Professor Michael Anderson, Faculty of Arts and Social Sciences, University of Sydney, ORCID 0000-0002-4489-673X -- leads the Arts and Creative Education Research Network (drama, theatre, applied theatre, arts-informed research), matching both grants' subject matter and Robyn Ewing's own well-known USyd arts-education profile."
DE160101207_christopher_brown,4,Christopher Brown,,Griffith University; University of Tasmania,Environmental science and management; Materials engineering,FT210100792_christopher_brown; DP210103126_christopher_brown; DP180103124_christopher_brown; DE160101207_christopher_brown,True,"Two different real people, moderate-high confidence -- three of four grants share institution_oax_id (Griffith), so recorded in manual_splits_by_grant.csv. DE160101207 (2016 DECRA, Griffith) + DP180103124 (2018, Griffith, w/ Isabelle Cote, Rod Connolly) + FT210100792 (2021 Future Fellowship, University of Tasmania): one coherent Environmental Science and Management career, DECRA-to-Future-Fellowship progression with an institutional move Griffith->UTas around 2021 (consistent with a Future Fellowship prompting relocation). DP210103126 (2021, Griffith, Materials Engineering, w/ Xiangdong Yao, Yi Jia, Jinlan Wang): a different field entirely (materials engineering, not environmental science) -- and the raw ARC grant page shows A/Prof Christopher Brown listed as CI at Announcement but REMOVED from the Current investigator snapshot (only Yao/Jia/Wang remain), consistent with a different, briefly-listed person rather than the environmental scientist's own grant."
DP1094070_jian_liu,4,Jian Liu,,The University of Queensland; Curtin University,Nanotechnology; Chemical engineering,LP150101158_jian_liu; DP180100568_jian_liu; DP110101978_jian_liu; DP1094070_jian_liu,True,"Two different real people, user-determined -- DP180100568 and LP150101158 share the same institution_oax_id (Curtin), so a plain institution split cannot separate them; recorded in manual_splits_by_grant.csv. DP1094070 (UQ, 2010, Nanotechnology/Biomedical engineering/Industrial biotechnology) + DP110101978 (UQ, 2011, Nanotechnology/Medical biotechnology, w/ Chengzhong Yu, Gaoqing Lu) + DP180100568 (Curtin, 2018, Nanotechnology/Materials engineering/Physical chemistry, w/ Jean-Pierre Veder, Roland De Marco, San Ping Jiang): one coherent nanotechnology career, UQ->Curtin. LP150101158 (Curtin, 2015, Chemical Engineering, w/ Shaomin Liu, Moses Tade, Gia Pham): a different person."
DP160101934_qing_wang,3,Qing Wang,0000-0001-9504-4273,Australian National University; University of Melbourne,Artificial intelligence; Genetics,DP160101934_qing_wang; DP210102273_qing_wang; LP0211919_qing_wang,True,"Two different real people, high confidence, both institutions single-org grants -- found via local bulk ORCID snapshot lookup (src/utils/orcid_bulk_lookup.py). DP160101934 (ANU, 2016, AI/computer vision/data science/machine learning, w/ Peter Christen) + DP210102273 (ANU, 2021, pure mathematics/computer vision, w/ Brendan McKay): ORCID 0000-0001-9504-4273, employment Massey University NZ 2004-2008 -> University of Otago NZ 2009-2012 -> Australian National University 2012-present (incl. Associate Director, Education Partnerships 2018-2021), PhD Computer Science (Christian-Albrechts-Universitat) -- exact field and institution match for both ANU grants, and rules out the Melbourne grant (this person was in New Zealand, not yet even at ANU, when it commenced). LP0211919 (Melbourne, 2002, Genetics/Forestry sciences, w/ Gerd Bossinger, Mathew Leitch): a different Qing Wang, forestry genetics, no ORCID found."
DP210102705_wei_shi,2,Wei Shi,0000-0003-1182-7735,University of Melbourne; Deakin University,Genetics; Information systems,DP210102705_wei_shi; LP0562156_wei_shi,True,"Two different real people, high confidence, different institution_oax_id (Melbourne vs Deakin), clean plain institution split. DP210102705 (Melbourne, 2021, Genetics/Bioinformatics and computational biology/Zoology, w/ immunologist Axel Kallies): user-verified via real Scopus profile -- Professor Wei Shi, ORCID 0000-0003-1182-7735, Professor of Bioinformatics Research, Biochemistry & Molecular Biology, Monash University (from 2024), previously led a lab at Olivia Newton-John Cancer Research Institute and the Walter and Eliza Hall Institute (WEHI) -- WEHI sits adjacent to and closely collaborates with University of Melbourne. Creator of featureCounts/Subread/Rsubread (world-leading RNA-seq bioinformatics tools, >80,000 total citations, Clarivate Highly Cited Researcher every year 2018/2020-2024), publication record includes Nature Immunology x13 and Immunity x4 -- exactly the genomics/immunology collaboration profile a co-investigator like Axel Kallies would need. LP0562156 (Deakin, 2005, Information Systems, w/ Wanlei Zhou, a real Deakin-era computer scientist -- confirmed via a real Deakin-authored paper): a different Wei Shi, unrelated field (information systems, not bioinformatics), different ORCID from an earlier bulk-lookup candidate that in any case didn't fit the 2005 timeline. Genuinely two different people."
DE220101577_jie_wang,2,Jie Wang,0000-0001-9491-4898,The University of Queensland; The University of Melbourne,Physical chemistry; Health services and systems,DE220101577_jie_wang; LP0884108_jie_wang,True,"Two different real people, high confidence, different institution_oax_id (UQ vs Melbourne), clean plain institution split. DE220101577 (UQ, 2022 DECRA, Physical Chemistry/Nanotechnology): ORCID 0000-0002-9931-3204 already on file, unrelated to the Melbourne person. LP0884108 (Melbourne, 2008, Health Services and Systems/Public Health, w/ Ecosse Lamoureux, Gwyn Rees, Jill Keeffe, Gabriella Tikellis, Tien Wong -- an eye-research/ophthalmology-epidemiology team): user-verified via a real Web of Science author profile -- Jie Jin Wang, ORCID 0000-0001-9491-4898, University of Sydney/Centre for Eye Research Australia (Melbourne)/Westmead Institute, published names include 'Wang, Jie Jin', 'Wang, J.J.', 'Wang, Jie J.' (ARC's raw data truncated her to just 'Jie Wang'); a real co-authored AusDiab Study paper lists her directly alongside Tien Y. Wong -- exactly the co-investigator on this grant. Genuinely two different people, decisively confirmed."
DP0450131_michael_walsh,2,Michael Walsh,,University of Sydney; University of Western Australia,Performing arts; Crop and pasture production,DP0450131_michael_walsh; LP0882758_michael_walsh,True,"Two different real people, high confidence, different institution_oax_id (Sydney vs UWA), clean plain institution split. DP0450131 (Sydney, 2004, Performing Arts/Aboriginal and Torres Strait Islander culture/Heritage/Pacific Peoples culture, w/ ethnomusicologist Allan Marett): user-verified via a real Scopus profile showing a Michael Walsh as University of Sydney 'Honorary Associate' since 2006 -- an Indigenous-languages/culture research context. LP0882758 (UWA, 2008, Crop and Pasture Production, w/ weed-science professor Stephen Powles): user-verified via a real Google Scholar profile -- Michael Walsh, University of Western Australia, verified uwa.edu.au email, research area 'herbicide resistance' -- matching Stephen Powles' own well-known weed-science/herbicide-resistance specialty exactly. Genuinely two different people in completely unrelated fields, decisively confirmed."
